Image,Landmark,x1,y1,x2,y2
1,1,167,56,163.785856,51.723168
1,2,200,54,201.246208,50.9568
1,3,210,49,212.686336,46.72272
1,4,244,166,243.40416,164.097312
1,5,175,171,169.12384,170.143104
1,6,97,174,89.714816,168.840096
1,7,108,54,107.306752,50.634528
1,8,128,58,124.98848,53.00496
2,1,161,59,160.35904,56.072352
2,2,195,60,197.326464,55.899936
2,3,208,56,210.030592,51.400992
2,4,238,171,236.843008,173.540064
2,5,165,176,161.12,176.917536
2,6,89,176,81.6064,173.369856
2,7,106,59,103.770624,51.881568
2,8,123,62,122.5466752,55.841568
3,1,162,48,165.664384,50.512992
3,2,198,48,201.929216,50.866848
3,3,210,46,212.598656,46.706976
3,4,240,159,239.123712,162.7272
3,5,166,165,166.506752,166.979328
3,6,90,165,90.233984,162.536352
3,7,106,51,110.17856,46.846464
3,8,123,50,128.9859136,51.302112
4,1,163,37,163.190912,40.71072
4,2,198,38,200.10176,40.260384
4,3,211,34,213.893632,36.154944
4,4,243,154,239.143296,156.918624
4,5,166,158,162.928896,161.384448
4,6,84,155,82.797312,156.201984
4,7,105,35,105.510528,35.995776
4,8,123,40,123.872768,40.171488
5,1,169,53,168.584448,56.732256
5,2,204,53,204.799616,56.583456
5,3,215,49,216.617856,51.778944
5,4,240,167,242.785408,173.28096
5,5,169,169,168.795392,177.158496
5,6,93,167,89.804288,172.752768
5,7,113,49,110.809344,51.404928
5,8,130,53,130.2877952,56.512704
6,1,155,47,162.923648,45.965664
6,2,190,46,198.14976,46.643232
6,3,201,41,211.141376,42.364704
6,4,228,154,233.537024,159.84048
6,5,159,160,160.665856,162.54048
6,6,84,158,83.445504,156.461184
6,7,97,43,107.593472,39.616128
6,8,115,48,125.8481792,45.037056
7,1,170,48,167.518848,47.010816
7,2,207,50,203.72224,46.71504
7,3,218,47,215.420672,42.527616
7,4,241,162,240.641664,160.81728
7,5,171,164,167.4144,165.337056
7,6,94,160,88.919424,159.596928
7,7,112,45,110.723968,41.250144
7,8,128,49,129.00496512,46.413984
8,1,168,31,167.37728,32.366496
8,2,207,30,202.572928,31.289184
8,3,215,27,215.81696,25.429152
8,4,248,142,243.609472,144.285408
8,5,176,149,170.444416,149.909472
8,6,101,150,93.353856,147.51264
8,7,112,33,110.500736,27.912
8,8,127,35,129.13626752,32.229984
9,1,171,55,164.743552,51.99024
9,2,206,53,200.579072,51.47904
9,3,214,49,212.790912,46.578816
9,4,242,164,240.189568,162.691872
9,5,173,164,168.0768,168.680544
9,6,101,165,91.226752,165.69936
9,7,119,50,109.269888,49.049472
9,8,132,54,127.08577152,52.641216
10,1,164,48,162.292096,52.097376
10,2,200,50,198.782976,52.282944
10,3,211,48,209.77728,46.94352
10,4,237,168,239.343104,166.525248
10,5,163,170,164.756736,172.477248
10,6,85,167,86.226176,170.087808
10,7,103,47,104.889088,49.425312
10,8,123,50,123.5662592,53.498496
11,1,165,20,163.064064,23.952
11,2,200,20,201.116544,22.916544
11,3,214,15,215.069952,17.369376
11,4,246,143,244.014208,145.324224
11,5,169,147,164.3648,151.269888
11,6,83,146,80.652416,147.67872
11,7,98,17,100.840832,19.138848
11,8,121,21,119.7170688,23.594016
12,1,172,43,167.71968,43.932
12,2,206,45,206.36672,44.169984
12,3,217,42,216.43072,40.631424
12,4,243,157,240.841984,159.400224
12,5,172,157,168.893568,163.891296
12,6,97,154,91.264896,159.97296
12,7,118,41,109.777024,41.14416
12,8,135,44,125.8261632,44.968224
13,1,166,50,164.191616,50.678304
13,2,199,50,203.823104,50.244096
13,3,214,47,213.009152,45.623424
13,4,243,163,243.066752,165.213504
13,5,173,168,167.688832,171.86448
13,6,96,168,88.291456,168.421152
13,7,107,51,107.16992,48.327456
13,8,129,52,124.2847744,51.569568
14,1,172,58,167.141888,46.84128
14,2,207,58,202.686336,45.337536
14,3,223,53,215.046144,40.326048
14,4,239,165,241.358848,159.210912
14,5,170,168,168.783232,164.288256
14,6,95,158,91.199872,160.786848
14,7,122,47,110.687232,41.71152
14,8,134,54,129.18922496,46.964736
15,1,165,45,164.659584,43.327968
15,2,198,44,201.568128,42.996768
15,3,215,39,213.96864,37.9296
15,4,241,160,239.98976,160.450656
15,5,164,164,164.876288,164.536704
15,6,87,159,84.253952,159.917568
15,7,111,38,106.71616,37.824672
15,8,123,43,126.46816,42.730272
16,1,172,55,164.86784,55.028064
16,2,206,58,202.30656,54.10608
16,3,220,56,215.027968,48.466272
16,4,240,169,238.64512,171.136704
16,5,166,168,164.202112,174.532704
16,6,91,160,85.099776,169.340832
16,7,118,50,107.277184,47.440128
16,8,137,54,126.3075584,53.338848
17,1,168,58,163.08288,54.910656
17,2,200,59,199.487744,54.64656
17,3,215,56,210.888448,49.962912
17,4,236,171,237.088256,169.658016
17,5,164,173,163.89504,173.937312
17,6,84,165,85.285632,170.38752
17,7,106,52,105.63776,50.96352
17,8,130,56,123.590208,55.132992
18,1,169,65,163.132032,57.56304
18,2,201,65,200.487552,57.134304
18,3,215,58,212.190208,52.124736
18,4,236,178,239.504,173.306112
18,5,168,180,164.20608,177.549696
18,6,95,174,84.270592,174.181824
18,7,113,57,105.281024,52.921248
18,8,136,64,122.0614528,56.918976
19,1,164,55,164.851456,55.683648
19,2,199,57,204.52992,55.710144
19,3,215,53,215.481344,51.543744
19,4,232,175,238.674816,174.458592
19,5,157,175,162.516352,177.108864
19,6,79,165,83.184512,171.1752
19,7,107,46,107.528576,49.311552
19,8,118,51,124.5274752,53.791872
20,1,166,37,163.561088,40.653696
20,2,199,37,200.142464,39.936576
20,3,213,35,212.536704,34.523616
20,4,238,156,237.796736,155.991648
20,5,167,158,163.551488,160.479744
20,6,88,154,84.107648,155.673312
20,7,107,33,105.92448,34.8288
20,8,126,37,124.2356736,39.729696
21,1,160,38,160.720384,38.982336
21,2,202,38,198.549248,38.001888
21,3,216,34,212.174464,32.356416
21,4,241,167,239.762816,158.023392
21,5,159,168,161.554688,163.004544
21,6,73,165,78.648832,159.483648
21,7,96,33,100.855424,33.603168
21,8,118,38,120.346112,38.529984
22,1,164,47,163.296128,49.066176
22,2,207,49,201.193472,48.516384
22,3,215,46,212.678272,43.619424
22,4,241,167,240.199808,164.6856
22,5,163,171,164.102144,169.178016
22,6,80,165,83.406208,164.96448
22,7,106,45,105.778304,44.290272
22,8,118,49,123.5190656,48.864288
23,1,165,40,163.055616,39.847872
23,2,196,39,198.246656,39.761568
23,3,211,37,211.645056,35.359488
23,4,237,151,236.487168,153.168192
23,5,168,155,163.379968,156.983424
23,6,93,151,85.6896,152.582208
23,7,108,37,107.4496,35.510304
23,8,126,41,125.3805184,39.713376
24,1,162,56,163.847168,49.057056
24,2,198,52,200.143232,48.818016
24,3,211,45,211.776,44.05872
24,4,242,162,240.677504,162.415776
24,5,168,172,165.932672,167.453088
24,6,89,174,86.47232,164.25504
24,7,103,52,107.2896,45.816
24,8,116,58,125.4213632,49.865568
25,1,169,53,164.279808,48.28512
25,2,202,48,200.714112,46.936416
25,3,212,40,212.406016,41.455488
25,4,244,158,240.953216,161.435232
25,5,173,166,167.673216,168.23376
25,6,96,165,88.904704,164.852352
25,7,111,45,106.862976,44.2872
25,8,131,52,126.2966912,49.171488
26,1,159,61,162.393856,55.250112
26,2,192,57,197.200256,55.194144
26,3,204,50,208.339584,49.807488
26,4,236,163,237.280256,163.78416
26,5,171,173,166.16768,169.962528
26,6,102,177,90.060544,166.707072
26,7,106,59,108.754432,52.91616
26,8,123,64,125.9626752,56.770368
27,1,155,38,158.271104,42.726912
27,2,189,38,194.156416,42.799008
27,3,204,33,207.005312,37.698912
27,4,233,153,232.977536,157.510848
27,5,158,156,156.984064,161.698752
27,6,81,155,77.946112,156.151776
27,7,99,37,102.01216,37.452576
27,8,117,40,119.4024064,41.658816
28,1,170,47,166.848,46.412832
28,2,205,49,203.507968,46.81296
28,3,216,45,214.854784,43.036416
28,4,238,159,238.878208,159.605856
28,5,164,162,166.456064,163.730784
28,6,89,154,89.753984,158.081856
28,7,115,43,111.398656,42.34752
28,8,131,47,129.04813184,46.476
29,1,174,49,168.327552,47.728032
29,2,209,48,204.444288,47.130624
29,3,219,45,216.477696,42.134688
29,4,239,156,240.556928,158.263392
29,5,173,159,168.97792,162.522048
29,6,102,154,93.127552,157.503552
29,7,120,43,114.013952,41.71344
29,8,137,48,132.011648,46.946784
30,1,171,49,165.33952,47.875584
30,2,211,51,202.771712,49.709856
30,3,217,49,215.667712,46.357344
30,4,235,172,237.38112,169.452576
30,5,161,171,161.672448,169.671648
30,6,81,157,82.128128,163.775424
30,7,113,40,108.345216,42.334656
30,8,121,43,126.1686016,46.699392
31,1,161,53,160.785408,51.815424
31,2,204,54,199.931904,50.675712
31,3,215,51,211.099648,45.653184
31,4,237,173,241.229824,170.104704
31,5,160,176,163.9776,176.95056
31,6,80,170,81.55328,174.40368
31,7,104,48,99.614976,48.862848
31,8,118,53,117.8812032,52.524672
32,1,170,49,162.814848,47.429664
32,2,201,49,200.077056,46.299648
32,3,208,44,211.725952,42.035328
32,4,244,159,240.583424,161.919552
32,5,179,168,166.6528,167.23776
32,6,103,167,86.801024,165.897984
32,7,113,49,105.14304,44.718816
32,8,132,53,123.774592,48.023232
33,1,157,32,160.128512,36.043392
33,2,204,32,199.243904,35.087616
33,3,209,30,211.644416,30.149952
33,4,239,157,241.702784,155.116992
33,5,163,159,161.197184,162.215616
33,6,79,159,77.509632,157.104384
33,7,97,32,99.785728,31.84656
33,8,103,33,118.143552,35.830656
34,1,166,64,165.50912,58.90944
34,2,199,62,200.713728,59.27952
34,3,210,58,212.598912,54.507264
34,4,239,168,236.236544,172.765248
34,5,172,175,163.782272,175.387968
34,6,97,174,88.12608,169.994112
34,7,112,63,109.667584,53.09136
34,8,128,66,125.263104,57.899424
35,1,162,49,162.54592,48.787488
35,2,201,51,200.192512,48.552672
35,3,214,46,212.57024,44.50992
35,4,235,172,236.72704,166.534944
35,5,157,173,162.14336,170.073792
35,6,77,166,83.071488,164.67312
35,7,104,42,104.687872,44.161536
35,8,122,48,120.178688,48.097536
36,1,159,58,164.82496,62.25456
36,2,196,57,198.68736,63.610272
36,3,204,54,210.390016,59.617056
36,4,232,173,231.341824,175.93008
36,5,159,174,162.105856,177.425472
36,6,80,169,88.499968,171.130656
36,7,105,52,110.37056,56.099424
36,8,122,56,125.1171456,60.466272
37,1,165,55,164.706816,51.62064
37,2,208,53,204.230144,52.367424
37,3,216,49,215.78816,48.659712
37,4,244,177,239.53792,171.29856
37,5,165,183,162.720384,173.62656
37,6,83,179,81.541504,167.685984
37,7,105,50,106.409216,46.530912
37,8,122,55,122.131072,51.125568
38,1,168,52,164.015488,48.124512
38,2,201,50,200.558464,47.59968
38,3,212,44,213.63968,43.14576
38,4,241,166,239.86944,162.90192
38,5,168,172,164.867712,167.592192
38,6,88,167,85.389568,162.69312
38,7,109,45,106.562688,43.243968
38,8,133,52,123.2776704,47.818944
39,1,159,65,161.844352,60.149472
39,2,198,62,197.493248,59.402208
39,3,211,56,210.38848,54.361536
39,4,243,180,238.67968,174.20832
39,5,164,187,163.660032,179.797728
39,6,80,186,83.404032,176.079168
39,7,99,60,103.019648,54.792384
39,8,115,65,120.69408,59.967264
40,1,157,52,161.011584,51.016704
40,2,189,54,197.513216,51.074592
40,3,202,49,210.185088,47.417664
40,4,230,160,234.107776,166.579104
40,5,157,164,160.096,169.388544
40,6,80,159,82.939648,164.7504
40,7,105,50,103.824256,45.699648
40,8,121,53,118.361216,50.706336
41,1,156,49,157.871744,49.227648
41,2,195,49,193.185408,47.662176
41,3,205,46,205.032192,43.845696
41,4,226,164,231.843584,163.56432
41,5,154,165,159.355776,169.276512
41,6,80,161,81.019264,166.31856
41,7,102,43,99.876864,44.514816
41,8,119,48,116.0740864,48.576672
42,1,152,47,158.138624,47.356704
42,2,189,46,194.338304,47.627232
42,3,199,41,206.909824,43.460256
42,4,234,162,229.793664,164.12592
42,5,156,169,155.6064,166.932768
42,6,73,168,76.95104,161.322816
42,7,92,44,99.73504,41.106912
42,8,109,48,116.5522688,45.61344
43,1,166,36,165.382528,40.556544
43,2,205,37,200.746752,41.214048
43,3,214,33,214.964736,36.47808
43,4,241,152,237.243392,158.329728
43,5,166,154,164.158464,161.00016
43,6,86,150,85.757056,155.934144
43,7,108,32,107.899776,34.548864
43,8,125,36,126.82160768,40.095744
44,1,167,31,166.925056,33.538848
44,2,203,31,202.630656,32.601312
44,3,217,27,215.703936,27.56496
44,4,243,146,242.264576,148.317312
44,5,170,149,169.955712,153.844896
44,6,93,146,91.790592,150.5976
44,7,113,27,109.2352,29.135712
44,8,130,32,128.065602432,33.88272
45,1,177,46,172.657024,46.721856
45,2,213,48,206.814976,46.786272
45,3,224,45,219.633792,43.315584
45,4,244,156,241.705088,157.373088
45,5,176,160,169.664256,160.358592
45,6,104,155,94.407808,153.604608
45,7,124,44,116.5475584,40.161408
45,8,138,46,132.9782016,45.388896
46,1,170,37,169.067264,41.018304
46,2,206,38,205.265152,40.092288
46,3,217,34,217.483776,35.343456
46,4,246,157,242.395008,158.064864
46,5,173,158,168.85056,162.168192
46,6,93,157,90.050176,157.861536
46,7,113,35,109.206016,35.18928
46,8,133,39,127.86961408,40.295136
47,1,170,56,167.361152,59.19744
47,2,200,57,200.579584,59.111712
47,3,213,54,211.565568,55.610976
47,4,234,161,234.092416,167.070048
47,5,171,168,166.81024,168.868608
47,6,102,161,96.05376,165.614016
47,7,115,55,113.269632,54.577152
47,8,133,58,130.939648,58.44384
48,1,162,48,161.592192,47.840928
48,2,199,47,197.625344,47.342784
48,3,209,42,210.117248,42.788256
48,4,238,163,236.72,163.686432
48,5,162,168,163.645824,168.616032
48,6,79,161,84.190976,165.623904
48,7,107,41,103.139328,43.950624
48,8,124,46,121.2867072,48.503328
49,1,172,54,172.333056,54.93888
49,2,210,54,206.754432,56.01024
49,3,221,49,220.75392,51.513696
49,4,246,170,243.55776,171.424608
49,5,170,173,168.738304,172.653792
49,6,89,169,90.642944,165.798432
49,7,112,48,114.55296,47.845728
49,8,130,54,132.7817728,53.713728
50,1,162,52,164.803456,52.596384
50,2,199,50,200.229376,51.331008
50,3,210,45,212.22016,47.01552
50,4,246,159,241.945472,164.107872
50,5,173,170,170.168832,170.33232
50,6,96,172,93.065728,170.010912
50,7,107,54,108.2816,51.156192
50,8,127,56,125.4628096,54.144096
51,1,162,53,167.275776,53.66928
51,2,200,54,201.11808,52.938624
51,3,214,52,213.466112,47.580384
51,4,246,165,243.707008,165.372
51,5,171,170,171.448192,170.575296
51,6,92,173,94.90048,170.136
51,7,107,59,109.693824,50.556096
51,8,124,58,127.66256128,54.96096
52,1,170,33,168.315136,35.190624
52,2,201,32,204.447232,33.435744
52,3,215,26,217.226752,27.927936
52,4,247,142,243.385088,146.771328
52,5,176,149,171.12768,153.455616
52,6,99,150,93.434752,149.866656
52,7,112,29,110.442624,30.098112
52,8,132,34,128.56073728,34.953024
53,1,170,44,167.348864,44.701344
53,2,211,47,203.060736,44.556576
53,3,218,45,214.857088,40.199328
53,4,240,158,238.966016,159.166752
53,5,168,159,167.357312,162.1464
53,6,91,153,89.963136,157.697376
53,7,113,41,110.105088,39.380928
53,8,124,44,127.973191424,44.053632
54,1,172,30,167.812096,35.175552
54,2,205,33,206.28992,36.992448
54,3,217,31,216.624512,34.195968
54,4,237,146,236.691584,158.151552
54,5,167,144,162.77504,156.549024
54,6,94,137,84.204672,150.727296
54,7,116,24,109.306496,28.998144
54,8,131,28,125.270208,33.261408
55,1,163,43,162.104704,45.460032
55,2,204,47,199.652864,46.092
55,3,218,47,212.361472,42.208224
55,4,236,169,238.756352,164.369952
55,5,158,163,162.73984,167.603424
55,6,78,162,82.169856,163.758528
55,7,105,41,104.688256,41.858016
55,8,123,43,121.4283776,45.77088
56,1,166,42,161.651328,44.335872
56,2,200,45,194.916992,43.745952
56,3,211,42,208.154752,40.416192
56,4,232,154,232.726528,156.240096
56,5,160,157,161.165952,160.204704
56,6,85,148,85.514368,155.564064
56,7,111,36,106.122368,39.784512
56,8,128,40,124.8758144,43.84752
57,1,160,32,160.212992,40.04064
57,2,201,34,196.02432,39.70416
57,3,210,32,208.542336,35.15712
57,4,237,149,235.613056,155.277792
57,5,161,154,161.943424,159.789984
57,6,82,150,82.030464,155.633568
57,7,100,32,103.240832,35.3496
57,8,116,35,122.4650496,40.032096
58,1,165,45,167.437824,47.512128
58,2,198,46,202.705408,47.771808
58,3,216,45,214.31872,43.849248
58,4,237,156,238.381952,159.092928
58,5,164,159,167.430784,161.655648
58,6,90,153,92.229504,157.334496
58,7,116,44,113.122816,42.97488
58,8,133,46,129.0323456,47.242848
59,1,163,12,162.858112,24.2544
59,2,203,10,199.17632,23.692512
59,3,217,6,213.543424,18.513504
59,4,243,128,238.555776,143.450784
59,5,165,132,163.899264,148.074816
59,6,86,132,83.6256,143.792544
59,7,101,8,103.335808,17.98032
59,8,122,12,123.3037824,23.693856
60,1,164,54,164.048512,51.20688
60,2,201,52,201.93216,50.696448
60,3,212,47,213.923328,47.070048
60,4,243,167,241.721984,171.88464
60,5,168,172,164.955648,176.71536
60,6,86,170,83.772416,174.016128
60,7,107,49,102.834688,47.450112
60,8,125,54,121.249472,51.667776
61,1,172,47,172.018176,47.583264
61,2,210,48,207.359104,49.435104
61,3,222,44,219.88352,45.706272
61,4,241,168,241.211264,163.378272
61,5,169,164,168.62272,164.491104
61,6,93,162,92.783616,158.798304
61,7,117,41,116.2282368,41.83248
61,8,132,46,133.2888832,47.116512
62,1,165,38,165.509504,35.52912
62,2,205,36,203.602176,35.158464
62,3,217,30,216.701056,30.766752
62,4,244,157,245.720704,155.93808
62,5,166,164,166.868352,161.628
62,6,84,160,83.194624,157.11648
62,7,103,31,104.248448,31.262784
62,8,122,37,122.3879296,35.629152
63,1,171,46,174.190976,46.374624
63,2,208,45,209.90016,47.145216
63,3,220,40,221.824896,44.081856
63,4,243,159,243.869568,159.52224
63,5,172,166,171.927936,161.05104
63,6,98,161,96.462208,155.248416
63,7,114,42,118.218304,41.481504
63,8,131,47,134.3556864,45.921312
64,1,165,48,164.697344,44.567328
64,2,201,45,201.121408,43.653984
64,3,212,38,213.902592,38.744736
64,4,239,161,238.429952,159.917856
64,5,166,167,164.164608,164.005152
64,6,86,164,85.14816,158.759424
64,7,105,39,107.630208,38.18208
64,8,127,47,125.5659392,43.382496
65,1,173,45,171.782016,43.933824
65,2,209,43,207.121408,44.078592
65,3,220,39,219.060224,40.022016
65,4,245,150,242.499072,154.460928
65,5,178,156,171.931776,157.34688
65,6,100,149,97.564032,153.223104
65,7,121,40,116.9873152,39.513696
65,8,137,44,133.3875456,44.038752
66,1,164,44,161.43808,42.71712
66,2,195,45,197.63328,42.389856
66,3,209,43,210.321536,38.15232
66,4,228,160,235.345152,158.186592
66,5,158,159,161.207296,161.742816
66,6,84,151,82.604672,157.00512
66,7,109,36,104.747008,37.537728
66,8,123,39,122.4537216,42.300768
67,1,166,33,164.520192,36.839328
67,2,201,32,200.89408,35.901312
67,3,214,26,214.489344,30.695904
67,4,244,148,241.156224,152.751264
67,5,169,156,166.529408,157.272096
67,6,87,153,86.240896,154.379328
67,7,104,29,106.056832,31.851072
67,8,127,35,123.1984896,36.65472
68,1,165,45,164.260736,44.196768
68,2,198,43,200.06848,43.766496
68,3,212,37,212.529152,39.352992
68,4,237,156,236.888448,158.6352
68,5,163,158,163.129472,162.838272
68,6,83,153,86.11712,156.867168
68,7,109,35,107.273856,38.3448
68,8,127,41,125.2577536,43.630656
69,1,165,45,164.395264,46.03536
69,2,202,44,199.619456,45.760992
69,3,213,41,212.713472,41.001408
69,4,238,161,237.45152,159.456384
69,5,166,164,164.50176,164.221248
69,6,89,160,86.913024,158.668608
69,7,107,40,108.424704,40.318752
69,8,124,44,126.1183872,45.40608
70,1,169,44,167.682944,45.49488
70,2,206,44,203.069696,45.054816
70,3,219,40,215.694976,39.638592
70,4,243,160,240.54528,160.551744
70,5,169,164,167.677312,164.177184
70,6,90,158,90.144128,160.02912
70,7,113,38,110.473344,39.384768
70,8,133,43,128.77875072,44.912064
71,1,164,41,164.697984,44.166624
71,2,197,42,199.774976,44.417952
71,3,212,39,212.041088,40.391712
71,4,234,153,235.146752,155.958432
71,5,165,156,163.978496,160.4904
71,6,91,153,88.503296,153.759936
71,7,108,39,109.544192,39.281664
71,8,129,42,126.91321344,43.542528
72,1,161,50,163.279872,51.720672
72,2,200,52,199.486848,51.238176
72,3,212,49,210.843776,47.25744
72,4,241,165,239.892224,164.165184
72,5,166,168,167.070848,170.027136
72,6,88,168,89.10272,168.88512
72,7,104,51,105.138176,50.29056
72,8,122,53,123.7249152,53.53632
73,1,178,33,171.58272,42.48768
73,2,213,37,206.610432,41.281152
73,3,224,36,219.316352,36.203424
73,4,246,143,244.10496,152.50176
73,5,177,144,172.984576,156.845568
73,6,108,141,97.393408,153.705696
73,7,124,33,117.240896,37.432896
73,8,141,34,135.0304,42.15312
74,1,174,42,168.598656,45.868608
74,2,211,44,203.779584,45.90288
74,3,221,41,217.000064,41.263392
74,4,242,158,241.176448,159.162336
74,5,174,157,169.043712,162.755328
74,6,101,155,92.497152,158.613888
74,7,121,39,113.686144,41.009856
74,8,136,43,130.5172224,45.37536
75,1,179,40,169.434752,42.289632
75,2,214,44,205.34272,43.140192
75,3,226,43,217.850112,39.46272
75,4,238,155,240.628224,157.503552
75,5,168,150,168.096384,159.880992
75,6,95,139,90.912896,154.305408
75,7,123,33,113.271552,37.642656
75,8,139,36,130.613696,41.62176
76,1,170,47,166.036224,42.034848
76,2,200,47,201.34272,42.948672
76,3,211,42,213.698432,39.790944
76,4,234,151,236.386944,154.03392
76,5,169,153,166.035328,157.433088
76,6,100,150,90.913536,152.542368
76,7,120,42,111.486592,38.925888
76,8,133,46,128.33402752,42.3672
77,1,152,30,157.917824,38.311008
77,2,189,30,195.012352,37.180608
77,3,200,26,206.42752,33.719616
77,4,225,148,234.002688,153.493536
77,5,151,151,158.425344,158.058528
77,6,73,147,78.589312,153.46176
77,7,96,25,99.465088,33.793536
77,8,116,29,116.8864,37.741536
78,1,170,68,163.435648,56.414784
78,2,203,69,198.636928,56.880576
78,3,211,65,210.066432,52.466112
78,4,228,178,235.22624,170.577408
78,5,162,177,162.274944,172.973856
78,6,95,172,84.396928,168.314112
78,7,119,60,105.944576,51.436032
78,8,132,65,123.5014528,56.222304
79,1,171,35,165.326976,39.224064
79,2,205,38,203.440512,39.785472
79,3,216,36,215.545216,36.200928
79,4,241,160,241.895552,158.806464
79,5,167,158,164.90496,162.740832
79,6,88,154,83.3408,156.70464
79,7,110,31,106.01472,35.217312
79,8,132,36,123.319616,39.227232
80,1,168,37,165.647872,36.39072
80,2,208,37,204.528,36.747456
80,3,221,32,217.049088,32.959296
80,4,241,160,240.21248,159.404064
80,5,161,162,163.059328,161.520384
80,6,77,150,82.134784,155.221824
80,7,110,24,107.0432,30.441024
80,8,129,32,123.9506816,35.1048
81,1,164,43,161.44512,43.617024
81,2,204,45,199.915392,43.919808
81,3,218,39,213.568768,39.022464
81,4,236,173,238.915968,168.864864
81,5,155,172,159.395456,169.869024
81,6,71,163,75.04384,166.898496
81,7,101,32,98.226816,37.871136
81,8,122,40,117.1936384,42.533568
82,1,164,45,164.6624,47.344704
82,2,204,46,201.992064,47.30976
82,3,215,40,213.665152,42.803232
82,4,240,166,240.141696,165.728928
82,5,166,174,165.249536,168.61776
82,6,86,168,86.176384,165.109152
82,7,104,41,107.726976,42.989856
82,8,122,47,125.5402624,47.205312
83,1,167,34,167.523456,34.69344
83,2,210,33,207.28256,35.921856
83,3,220,29,220.310016,32.828064
83,4,244,156,242.467072,157.856544
83,5,164,159,164.299392,159.850368
83,6,80,151,83.416704,153.28032
83,7,107,26,109.396736,29.635296
83,8,125,32,125.9604608,33.556992
84,1,162,19,162.628992,24.065088
84,2,200,19,199.501568,22.63296
84,3,214,17,211.314432,17.828928
84,4,242,141,241.139328,141.202368
84,5,165,145,166.26304,147.172032
84,6,81,143,85.330688,144.46128
84,7,101,17,103.323904,20.360832
84,8,120,20,121.6930944,24.361536
85,1,175,37,173.321344,37.739712
85,2,211,36,209.529856,39.716448
85,3,220,32,222.089088,36.560448
85,4,242,157,242.882432,157.217568
85,5,171,158,169.30368,157.469856
85,6,92,153,91.12192,150.369984
85,7,112,30,116.5710592,32.04144
85,8,129,34,132.7831936,36.265536
86,1,157,37,157.348608,39.87312
86,2,192,38,194.593408,38.79456
86,3,204,31,206.919936,34.388928
86,4,228,154,235.082496,154.28976
86,5,153,156,159.737216,159.83088
86,6,76,149,78.918784,156.552672
86,7,100,27,99.44384,36.317088
86,8,121,36,117.0754304,40.009344
87,1,169,31,168.887552,34.04592
87,2,203,30,204.939904,33.98448
87,3,218,25,218.105216,29.72112
87,4,240,150,240.771456,150.9792
87,5,168,152,168.071936,153.148416
87,6,91,146,90.847872,148.420704
87,7,112,24,112.272896,28.219296
87,8,135,30,129.5651328,33.038496
88,1,164,36,164.057088,40.546368
88,2,199,32,201.21536,38.831904
88,3,210,26,213.764608,33.397248
88,4,242,150,241.090688,154.781568
88,5,168,160,166.755072,160.756992
88,6,87,157,87.564672,158.229216
88,7,105,30,106.008832,35.745888
88,8,121,36,124.3009664,40.44096
89,1,163,40,164.003072,41.12688
89,2,197,36,199.779072,40.25856
89,3,213,29,213.355008,34.467264
89,4,245,152,240.793216,155.907936
89,5,168,165,165.924096,162.0576
89,6,85,160,86.517376,158.45808
89,7,102,35,106.834048,36.453888
89,8,122,40,124.3485696,40.914336
90,1,171,31,168.313472,38.184096
90,2,209,33,204.896384,38.633568
90,3,221,29,218.496768,34.407264
90,4,246,155,242.25728,156.991584
90,5,168,157,166.950272,159.213312
90,6,84,149,87.915136,154.317984
90,7,115,24,111.585664,33.081408
90,8,130,30,128.87038208,37.389408
91,1,158,16,160.136832,25.495872
91,2,195,17,196.155904,23.497824
91,3,211,11,209.369472,17.03904
91,4,235,142,237.407616,140.894304
91,5,156,147,162.171776,146.91504
91,6,72,140,81.32992,143.628864
91,7,95,10,101.05536,19.797792
91,8,111,15,118.7100288,24.881856
92,1,176,36,167.246464,39.109152
92,2,210,36,204.12608,39.254688
92,3,221,31,217.654528,35.248224
92,4,240,157,240.868864,157.529568
92,5,166,156,165.613568,159.849024
92,6,90,148,86.518656,154.173216
92,7,115,25,110.758016,33.231744
92,8,133,33,127.72310912,38.04528
93,1,161,34,161.435392,35.739552
93,2,199,34,199.250816,34.961664
93,3,214,30,213.628416,29.142432
93,4,241,155,241.111296,154.314336
93,5,162,157,162.194944,160.374912
93,6,81,155,80.25216,155.386752
93,7,103,29,102.209536,30.879936
93,8,122,34,121.8211072,35.653728
94,1,157,29,159.433472,34.04016
94,2,193,26,192.123008,32.532288
94,3,208,20,208.530048,26.555904
94,4,233,142,235.039104,147.994176
94,5,158,149,161.1104,153.606048
94,6,81,145,82.922112,150.150048
94,7,101,22,101.847168,28.091904
94,8,119,28,121.5563904,33.474816
95,1,168,45,166.166272,46.249248
95,2,200,45,202.572928,46.481472
95,3,214,40,215.098752,42.076416
95,4,238,157,237.745664,160.210464
95,5,168,161,164.963712,163.678272
95,6,92,158,88.366336,158.11728
95,7,111,42,110.318464,40.698912
95,8,126,46,127.14392704,45.434592
96,1,169,35,168.34688,38.511648
96,2,209,40,205.751552,39.097152
96,3,223,36,218.807808,35.52336
96,4,238,161,240.404224,160.176864
96,5,161,159,164.952576,161.094528
96,6,83,152,84.778496,155.413152
96,7,110,29,109.086208,32.344128
96,8,127,34,126.3731968,36.958368
97,1,167,27,164.323456,29.446464
97,2,205,25,201.947392,28.426752
97,3,216,20,215.791744,22.91328
97,4,239,149,239.057408,148.976832
97,5,162,152,163.362944,152.02416
97,6,80,145,82.25536,147.324672
97,7,103,18,104.076544,22.305408
97,8,123,24,123.3036544,28.638336
98,1,170,33,168.34496,39.47808
98,2,209,36,205.01824,40.08048
98,3,220,34,217.740672,37.157856
98,4,236,157,238.857344,157.283424
98,5,165,157,165.306752,158.161152
98,6,91,150,88.040832,152.10384
98,7,115,29,112.61312,34.24752
98,8,132,33,128.39177984,37.800384
99,1,153,38,159.15968,41.638848
99,2,190,35,196.902784,40.148928
99,3,207,28,210.29632,34.12128
99,4,243,162,242.227712,160.498272
99,5,157,175,162.13504,167.6952
99,6,68,171,77.354112,164.354208
99,7,86,33,98.279808,36.891648
99,8,100,38,118.3357184,41.832576
100,1,163,38,164.889344,39.199872
100,2,204,36,201.406336,37.756992
100,3,216,30,215.321216,32.923488
100,4,247,156,244.702976,156.210336
100,5,168,166,168.200064,163.693536
100,6,86,160,86.521728,160.407456
100,7,105,34,104.386688,35.868672
100,8,124,38,123.496448,40.196736
101,1,165,49,167.702144,49.278336
101,2,204,48,201.890176,48.114336
101,3,216,43,216.80768,42.26832
101,4,243,168,242.334208,165.6648
101,5,168,174,166.470272,170.084352
101,6,89,173,85.855616,165.05664
101,7,104,47,108.061056,41.989056
101,8,123,51,128.54305408,48.057024
102,1,162,22,166.012544,22.71024
102,2,201,19,202.125696,22.523424
102,3,214,13,215.545344,17.623872
102,4,241,140,240.579584,142.701408
102,5,163,148,164.856192,147.304608
102,6,82,142,83.572736,141.70512
102,7,102,14,105.687168,16.375968
102,8,121,20,124.3919872,22.410432
103,1,161,26,163.364608,30.541152
103,2,202,25,199.206144,29.59392
103,3,215,21,213.645952,24.819168
103,4,239,146,238.422016,149.16192
103,5,161,151,162.400128,153.51552
103,6,79,146,81.71712,149.08704
103,7,97,21,102.50432,24.341376
103,8,116,26,121.6720384,30.286176
104,1,156,40,155.325312,38.06112
104,2,186,38,192.4832,36.96384
104,3,206,29,205.793792,31.890144
104,4,236,156,232.723712,154.4352
104,5,156,167,156.486912,160.389792
104,6,71,159,75.718784,155.731488
104,7,97,32,96.010624,32.902272
104,8,123,40,113.3408,37.952832
105,1,172,30,168.504704,35.489472
105,2,208,32,204.454784,35.086368
105,3,221,28,217.48608,31.094304
105,4,243,152,241.93536,152.352192
105,5,167,152,167.860992,155.733024
105,6,88,146,89.208576,151.676544
105,7,112,24,109.272448,30.216288
105,8,128,30,127.02003072,35.101152
106,1,158,42,161.082496,42.693504
106,2,194,41,198.261376,42.70656
106,3,208,35,210.948352,38.32224
106,4,244,156,237.342592,160.788672
106,5,162,166,160.50496,165.148128
106,6,78,162,78.955648,159.339456
106,7,99,38,102.443136,37.263072
106,8,117,42,120.0856064,41.871456
107,1,175,44,168.84672,44.476032
107,2,214,46,204.81344,45.012
107,3,224,43,218.13376,40.90272
107,4,242,170,240.336512,162.960096
107,5,168,170,165.33248,164.633568
107,6,91,163,86.373504,157.888128
107,7,116,38,110.416256,37.678944
107,8,133,42,129.1376256,43.140192
108,1,165,34,165.876608,34.588992
108,2,204,32,205.121152,35.035008
108,3,217,26,217.997696,32.218464
108,4,244,155,241.775488,156.259872
108,5,164,159,164.510592,159.531168
108,6,80,153,81.973504,153.114336
108,7,105,26,106.443904,29.868384
108,8,122,32,124.8485888,33.995136
109,1,163,37,163.4144,40.203936
109,2,200,36,200.077184,39.103392
109,3,212,31,212.422912,34.85712
109,4,241,152,240.96,155.266272
109,5,165,160,164.827776,161.677536
109,6,84,155,84.56448,157.09872
109,7,103,34,105.114368,35.976096
109,8,120,38,122.9178112,40.451616
110,1,165,56,169.161728,56.705376
110,2,204,55,202.742144,56.124288
110,3,215,50,216.209152,51.474048
110,4,245,167,243.263872,167.784192
110,5,170,173,170.47488,173.316384
110,6,91,173,93.576576,168.661152
110,7,111,53,112.729856,52.553952
110,8,124,56,130.645888,57.00768
111,1,162,38,164.409472,38.646144
111,2,201,38,200.649216,38.011104
111,3,217,32,214.2016,34.326912
111,4,239,154,239.944064,155.048736
111,5,162,157,165.574272,159.838944
111,6,82,154,87.071232,156.179328
111,7,105,33,106.940032,34.952736
111,8,123,38,124.9362944,38.901024
112,1,157,36,158.630912,35.693664
112,2,189,35,196.128512,34.971072
112,3,209,24,209.84064,30.122976
112,4,238,153,238.4224,151.425312
112,5,158,158,160.585088,157.491936
112,6,74,155,78.851712,153.775776
112,7,98,25,98.724224,31.7808
112,8,123,35,116.641792,35.871936
113,1,158,33,162.950912,34.144896
113,2,193,30,201.21344,33.407232
113,3,214,23,214.562688,29.78256
113,4,244,152,241.058944,150.498144
113,5,163,161,165.000704,156.360864
113,6,80,158,84.239232,152.398752
113,7,98,28,104.519168,30.649536
113,8,124,34,121.4864768,34.117056
114,1,166,33,166.863488,34.869792
114,2,202,32,205.278208,34.919712
114,3,217,26,216.913408,31.780608
114,4,241,151,241.13664,153.630432
114,5,166,154,165.366528,156.354816
114,6,88,151,86.134656,151.57488
114,7,107,26,108.205312,30.090624
114,8,126,32,124.173632,33.859872
115,1,172,58,171.081472,57.577152
115,2,206,59,205.570176,59.482176
115,3,220,56,218.47296,56.124192
115,4,237,172,236.623872,170.621088
115,5,166,170,166.344832,171.614112
115,6,93,164,90.437504,163.693152
115,7,116,50,115.051264,51.055584
115,8,139,55,132.0365824,55.631328
116,1,169,42,168.982016,44.314752
116,2,203,42,202.243712,44.7216
116,3,216,37,215.533056,41.041344
116,4,238,151,238.522624,155.960448
116,5,169,154,168.18752,158.28048
116,6,98,152,93.385216,153.306432
116,7,116,38,115.2281344,39.91104
116,8,134,42,131.7652352,44.032608
117,1,168,34,167.304448,38.171136
117,2,205,36,206.567168,39.50256
117,3,222,34,217.667328,36.36624
117,4,239,161,238.356736,159.735936
117,5,162,161,163.335936,160.531104
117,6,82,154,84.002304,153.824256
117,7,110,27,108.754816,31.840992
117,8,131,32,124.8024064,36.548544
118,1,169,45,167.893504,45.067008
118,2,204,43,203.358208,44.541984
118,3,216,36,217.162496,39.981408
118,4,246,164,241.960832,161.429664
118,5,171,169,168.038656,165.051264
118,6,93,168,89.268096,160.32864
118,7,111,40,110.152832,39.6552
118,8,131,46,128.87325824,44.527104
119,1,168,37,166.995072,35.471904
119,2,207,36,205.446144,36.51264
119,3,218,32,217.955968,33.082272
119,4,240,157,239.37088,157.306272
119,5,165,159,163.91232,159.012288
119,6,85,154,84.932096,153.428064
119,7,107,29,108.029184,30.127104
119,8,124,35,126.2846208,34.570368
120,1,172,66,174.016128,60.847968
120,2,203,64,207.647488,60.835104
120,3,219,55,218.764672,56.163648
120,4,242,175,241.021952,168.826368
120,5,171,179,172.721792,171.753696
120,6,95,173,100.553856,167.3376
120,7,118,55,120.3487232,54.343872
120,8,135,63,135.209088,59.641056
121,1,165,63,167.70944,62.525472
121,2,205,63,201.558912,63.864672
121,3,217,59,214.365056,60.907584
121,4,236,179,235.291648,175.681344
121,5,161,182,164.139136,177.701952
121,6,81,175,89.227008,171.284256
121,7,105,56,112.416384,58.000224
121,8,117,59,130.1017856,61.864224
122,1,164,38,165.510016,41.957664
122,2,201,40,201.2,41.653824
122,3,217,36,214.032768,37.505376
122,4,241,156,240.5344,157.1568
122,5,163,159,166.308096,160.908384
122,6,84,154,88.404864,157.118688
122,7,106,36,109.273984,38.01264
122,8,126,39,126.5714944,42.219552
123,1,173,54,168.2016,54.102624
123,2,210,57,203.242368,54.061056
123,3,222,54,216.02688,50.192928
123,4,245,176,241.99424,168.041856
123,5,168,174,168.408832,171.891456
123,6,88,169,89.755776,166.38432
123,7,111,48,112.001024,49.408512
123,8,124,53,130.0962304,53.758272
124,1,168,56,168.491648,57.526272
124,2,199,54,202.266496,56.858208
124,3,213,51,214.399872,52.860768
124,4,239,162,239.183616,165.83184
124,5,174,167,170.3168,169.673472
124,6,101,167,96.751744,166.599168
124,7,115,54,114.338304,53.393856
124,8,132,57,131.4988928,57.81648
125,1,168,45,166.512768,44.8992
125,2,206,46,203.978368,44.986176
125,3,217,41,217.904896,40.467936
125,4,241,167,240.847744,164.796864
125,5,167,170,163.932672,167.594304
125,6,84,166,82.934272,160.812
125,7,102,40,107.624832,38.121024
125,8,123,45,126.5471616,43.573344
126,1,164,31,163.244032,31.499616
126,2,202,28,200.5408,30.03984
126,3,212,22,213.020928,24.98736
126,4,239,145,237.915136,149.733024
126,5,167,150,162.628096,154.538688
126,6,85,148,82.050432,150.18576
126,7,101,26,102.724096,24.705312
126,8,122,32,121.2052608,30.217536
127,1,169,37,166.663552,39.03792
127,2,201,37,202.254208,38.977536
127,3,215,33,214.358144,35.037888
127,4,242,155,241.228032,155.012544
127,5,168,161,167.30496,159.685152
127,6,87,157,88.662016,155.416512
127,7,106,34,108.396544,35.29872
127,8,126,37,127.34522496,39.219744
128,1,170,34,170.258304,34.926528
128,2,204,34,207.166336,35.327808
128,3,221,29,219.131264,31.709664
128,4,242,154,243.05856,151.701312
128,5,167,155,169.675776,154.791552
128,6,90,150,92.415104,149.940384
128,7,116,27,113.693568,30.155904
128,8,134,32,130.800448,34.33104
129,1,158,42,160.077312,41.88624
129,2,198,40,198.441472,40.776
129,3,214,35,212.013696,35.388576
129,4,238,164,238.829056,162.350496
129,5,159,168,159.684096,166.84704
129,6,72,164,76.070016,162.392256
129,7,93,35,99.41184,35.125056
129,8,115,41,119.8156416,41.020704
130,1,169,36,168.193664,35.704128
130,2,206,31,203.44448,34.103808
130,3,218,25,215.899264,28.574592
130,4,247,148,246.009472,147.683232
130,5,174,154,173.132672,155.07408
130,6,95,153,95.21728,154.064736
130,7,112,30,110.26176,32.602656
130,8,129,35,128.68908928,37.27392
131,1,168,36,165.763712,38.44032
131,2,203,36,202.681216,37.977984
131,3,216,31,214.668928,33.291648
131,4,238,157,241.02208,153.734304
131,5,165,157,166.711168,158.57856
131,6,89,156,87.526272,154.780704
131,7,109,30,108.231936,33.745728
131,8,126,35,125.902336,38.039424
132,1,162,39,164.422784,38.17968
132,2,198,34,199.024768,35.437056
132,3,211,27,211.113088,29.698176
132,4,240,146,241.43616,148.29024
132,5,168,153,170.63168,156.991008
132,6,94,153,93.644544,156.110688
132,7,109,34,106.9568,35.003904
132,8,129,39,125.5874688,39.300672
133,1,175,45,174.80448,41.110176
133,2,213,45,208.404608,41.809824
133,3,221,41,219.299072,38.815776
133,4,244,157,243.869824,151.641312
133,5,172,160,175.035264,153.935712
133,6,96,154,102.237568,150.00432
133,7,118,38,120.564352,38.215776
133,8,141,44,136.604352,41.392128
134,1,166,39,167.860096,37.432512
134,2,199,36,201.65248,36.737664
134,3,213,28,216.255744,32.442816
134,4,243,150,240.778496,152.928192
134,5,170,157,167.995392,156.812832
134,6,92,156,91.161472,152.922912
134,7,109,33,110.940928,32.368992
134,8,127,38,129.4382464,36.867168
135,1,163,30,164.64064,30.285408
135,2,203,29,200.583168,29.950176
135,3,218,25,212.91008,25.54896
135,4,237,149,236.028672,149.357856
135,5,161,154,161.778688,151.66896
135,6,82,147,83.391872,146.153856
135,7,105,23,106.217216,22.899552
135,8,125,28,124.0064768,28.815648
136,1,160,41,161.291648,40.775616
136,2,199,40,197.738368,39.6024
136,3,212,34,213.010816,33.806592
136,4,243,162,240.76672,160.053792
136,5,165,167,162.844544,165.421344
136,6,81,163,79.55008,161.72544
136,7,104,35,100.578304,35.292768
136,8,123,41,120.794112,40.43376
137,1,162,52,167.049856,46.586304
137,2,209,51,204.608256,48.607296
137,3,217,49,218.44032,45.247776
137,4,238,174,237.252352,168.309696
137,5,156,176,162.638976,167.352576
137,6,73,166,83.476992,160.86816
137,7,103,44,109.617792,40.38144
137,8,121,50,127.85788032,44.956704
138,1,160,48,164.649856,44.4432
138,2,198,47,200.85952,44.864352
138,3,209,41,213.810432,40.283712
138,4,237,163,236.911872,161.777472
138,5,164,169,162.906752,163.916064
138,6,86,165,83.732736,158.011776
138,7,103,43,107.160832,38.558688
138,8,122,49,124.4745856,43.190496
139,1,167,48,164.891904,44.47872
139,2,204,46,201.807616,44.526624
139,3,220,40,216.071296,39.690624
139,4,239,172,239.579392,164.978208
139,5,160,172,162.7808,166.645728
139,6,78,166,81.894912,162.4656
139,7,105,36,105.355136,37.884576
139,8,123,44,124.4262272,43.37328
140,1,170,57,167.892096,52.138176
140,2,207,56,203.230464,52.706112
140,3,222,51,216.972032,48.846528
140,4,246,176,242.932992,169.3896
140,5,166,181,166.377728,172.383072
140,6,82,171,85.484032,166.914624
140,7,113,47,109.218304,47.1288
140,8,129,53,126.94739968,51.83952
141,1,158,40,162.982144,41.770368
141,2,193,38,199.156736,40.973184
141,3,212,34,214.313856,34.957248
141,4,245,159,241.791872,161.539488
141,5,163,169,164.537344,165.876672
141,6,78,165,82.118912,163.58784
141,7,99,38,102.615168,37.090272
141,8,119,41,122.32064,41.780832
142,1,170,57,167.991168,55.270368
142,2,211,58,203.928832,54.251328
142,3,222,54,217.572224,49.672704
142,4,240,179,242.884352,169.890336
142,5,164,180,167.879808,174.715968
142,6,85,170,88.916224,170.266272
142,7,114,48,108.928,50.185536
142,8,134,54,128.19003136,54.72624
143,1,167,37,171.070464,36.552864
143,2,207,37,205.118848,35.6016
143,3,222,32,217.675264,30.9216
143,4,245,150,244.080768,150.107616
143,5,171,157,171.477888,154.616544
143,6,91,152,93.752704,150.705312
143,7,108,32,113.534208,31.527936
143,8,124,36,132.1797248,36.106944
144,1,172,37,172.063488,34.823808
144,2,205,34,207.296,35.265024
144,3,220,27,219.065344,32.81712
144,4,245,144,243.228672,148.367712
144,5,177,150,170.862592,150.14544
144,6,103,149,94.293376,145.683264
144,7,117,31,115.9430784,30.976416
144,8,137,37,132.0427264,34.33152
145,1,174,48,174.342144,46.277376
145,2,212,48,209.500416,47.288352
145,3,221,44,219.584896,44.657376
145,4,240,158,240.45952,157.16352
145,5,172,161,171.575936,158.3832
145,6,101,155,99.103744,152.388672
145,7,120,41,120.5695104,41.642496
145,8,134,46,135.5729792,45.093888
146,1,166,44,168.568576,43.879776
146,2,203,42,204.444928,43.748064
146,3,217,35,217.440768,39.390528
146,4,244,157,242.02816,159.571968
146,5,169,162,167.869696,162.852576
146,6,92,162,89.92064,157.737984
146,7,113,38,111.632512,38.543616
146,8,129,44,129.9997696,43.417728
147,1,173,42,170.797312,42.078528
147,2,208,43,209.272704,43.416576
147,3,221,39,219.612544,40.09056
147,4,242,158,239.202432,160.701312
147,5,166,160,165.988352,161.334912
147,6,89,151,89.00992,153.72432
147,7,117,35,113.718144,35.398176
147,8,133,40,130.0032256,40.418112
148,1,159,58,162.571264,61.048704
148,2,197,57,198.452352,59.58384
148,3,213,52,210.640128,55.30656
148,4,239,179,240.297344,174.610848
148,5,162,185,164.955136,180.357408
148,6,79,183,84.55744,177.514176
148,7,96,54,104.58368,56.843904
148,8,118,59,121.707584,61.088352
149,1,157,40,159.831424,40.705248
149,2,196,37,196.14848,39.417216
149,3,209,31,210.355968,33.874656
149,4,236,161,236.198784,157.423872
149,5,156,165,160.251648,161.146176
149,6,73,160,79.77152,157.882944
149,7,98,32,100.094208,34.695744
149,8,116,38,120.9145216,40.107168
150,1,175,60,171.004544,55.02912
150,2,205,55,205.183616,53.85456
150,3,218,47,216.880256,49.747776
150,4,249,159,242.195072,163.119648
150,5,180,167,172.637696,168.27408
150,6,109,165,99.177088,164.635584
150,7,121,52,116.315712,51.412704
150,8,140,60,132.337216,55.546176
151,1,164,46,163.327616,47.335968
151,2,202,45,200.456576,46.728
151,3,215,40,213.804672,42.488832
151,4,241,162,238.802304,165.814176
151,5,165,166,162.272384,169.97472
151,6,87,164,82.169088,164.826912
151,7,107,41,104.383744,41.652768
151,8,125,46,122.3253632,46.313664
152,1,176,38,174.366336,36.59232
152,2,205,38,208.506752,37.738656
152,3,224,34,220.20672,35.261856
152,4,245,146,243.393792,148.16208
152,5,176,148,172.678528,150.26256
152,6,102,146,99.710976,145.476864
152,7,122,34,120.0424576,33.194016
152,8,139,37,136.487296,35.848512
153,1,152,31,155.310336,34.982976
153,2,188,28,189.946496,33.127872
153,3,200,25,204.07872,26.76048
153,4,230,144,231.91808,150.772896
153,5,155,151,155.076992,156.290592
153,6,76,150,74.677888,151.46304
153,7,94,28,97.267456,27.428832
153,8,113,31,117.6818944,33.62592
154,1,169,31,166.06144,35.458464
154,2,215,30,202.054912,34.395168
154,3,221,28,216.310272,28.70928
154,4,243,157,242.674688,152.813472
154,5,164,156,166.71232,156.773472
154,6,81,151,86.153216,153.258336
154,7,108,24,107.65952,29.242752
154,8,116,26,125.6435328,34.873728
155,1,165,33,162.658688,36.162432
155,2,204,32,198.689408,34.087968
155,3,218,28,213.59424,29.148
155,4,249,155,243.748608,153.813024
155,5,165,165,165.74336,161.238912
155,6,77,159,82.543232,158.133216
155,7,100,29,102.078464,31.907808
155,8,121,33,121.0725248,36.189216
156,1,164,35,163.45024,40.752384
156,2,202,36,198.91648,39.035808
156,3,215,30,213.581312,33.792864
156,4,242,157,241.574912,157.264032
156,5,165,164,165.47584,163.266624
156,6,82,159,83.833856,159.183264
156,7,105,31,104.59968,35.518272
156,8,119,35,124.0448128,40.137696
157,1,164,37,165.641344,40.756224
157,2,204,36,202.322048,39.940512
157,3,215,30,215.295872,35.20992
157,4,242,157,241.107712,158.154624
157,5,166,164,166.383232,162.631584
157,6,86,161,86.627712,159.083232
157,7,105,33,105.738112,36.2832
157,8,124,37,124.9272064,40.801056
158,1,163,35,160.507392,37.291488
158,2,199,35,197.590016,35.053152
158,3,212,31,211.889024,29.495904
158,4,243,159,242.672256,156.19296
158,5,162,164,162.895616,162.529824
158,6,75,158,78.175744,159.66096
158,7,100,30,99.1616,31.501536
158,8,118,34,120.0620672,37.030656
159,1,165,49,165.185664,46.208352
159,2,202,48,203.064832,46.151232
159,3,217,43,216.471168,41.335008
159,4,247,163,242.001024,163.304928
159,5,168,173,165.797504,167.858592
159,6,86,169,85.15392,162.961824
159,7,105,46,106.74688,41.47104
159,8,127,50,123.428544,46.200096
160,1,176,50,172.444032,47.660256
160,2,211,51,207.861888,46.660032
160,3,226,46,219.252224,41.954496
160,4,244,165,244.460544,159.258528
160,5,172,166,173.990144,163.210176
160,6,97,159,98.452096,159.95568
160,7,119,42,116.8162688,42.909312
160,8,136,49,132.7228416,47.244
161,1,170,38,168.18368,38.828544
161,2,209,36,203.102336,38.267712
161,3,220,32,215.710976,33.340992
161,4,246,153,241.900544,155.852064
161,5,170,160,168.248448,159.667872
161,6,90,154,89.844352,155.77824
161,7,110,33,110.100352,33.939456
161,8,130,37,128.6282368,38.95104
162,1,161,58,161.508352,54.053376
162,2,197,54,198.985344,53.480064
162,3,212,50,210.932352,49.024128
162,4,238,177,237.246976,171.520608
162,5,159,182,161.312128,175.710336
162,6,74,177,81.03104,171.71136
162,7,98,47,101.904256,48.685632
162,8,116,53,119.7095168,53.352288
163,1,162,26,163.81184,29.007936
163,2,202,26,200.54528,28.055328
163,3,217,19,214.902912,22.580928
163,4,241,154,240.332544,151.46832
163,5,161,156,161.221248,154.71024
163,6,72,150,78.1024,149.477376
163,7,100,17,102.085504,21.05376
163,8,120,25,122.3749632,27.078336
164,1,163,49,164.686848,49.073472
164,2,200,49,202.017024,49.777824
164,3,215,45,214.892544,46.292352
164,4,241,169,239.536896,168.298944
164,5,164,172,163.517184,170.955552
164,6,82,167,82.875648,166.164576
164,7,105,44,106.161408,44.677536
164,8,124,48,123.2849792,48.949344
165,1,161,32,159.751296,33.598464
165,2,198,32,196.604544,32.159136
165,3,210,24,210.470272,26.108544
165,4,235,149,235.97824,150.70416
165,5,160,155,159.13152,154.957728
165,6,79,149,78.36608,150.158016
165,7,102,24,100.45568,26.947392
165,8,120,31,119.9465984,32.151552
166,1,165,20,162.831232,28.820736
166,2,203,20,198.654464,29.502912
166,3,217,13,212.704512,24.449856
166,4,238,147,236.685184,152.349216
166,5,158,150,159.805824,153.968448
166,6,74,139,78.811136,148.219584
166,7,105,9,103.7856,21.745632
166,8,126,17,121.6800256,27.242592
167,1,159,32,160.95808,34.276128
167,2,198,29,196.567168,32.823264
167,3,212,24,212.281344,25.905984
167,4,245,148,241.420544,153.412896
167,5,166,158,162.953344,158.379456
167,6,78,154,79.795072,155.27424
167,7,97,29,102.865664,27.926304
167,8,117,32,123.777984,34.14576
168,1,166,24,165.374336,25.610016
168,2,202,24,202.23616,25.7856
168,3,214,17,215.317504,21.273792
168,4,244,145,241.60704,145.296
168,5,165,149,164.92672,148.380576
168,6,82,144,83.950336,143.43504
168,7,104,16,106.29056,20.496288
168,8,123,23,124.5076992,25.326336
169,1,158,27,158.779648,33.390528
169,2,195,27,192.64,32.180736
169,3,211,22,208.302464,25.562976
169,4,233,143,236.472192,151.360128
169,5,155,149,159.253248,157.224384
169,6,76,141,78.043776,153.095616
169,7,99,20,99.64032,26.391456
169,8,119,25,119.14688,32.647392
170,1,157,19,165.021952,30.287232
170,2,191,15,202.028544,30.092448
170,3,205,8,215.187072,25.352928
170,4,239,127,240.862208,149.861664
170,5,166,137,164.977792,151.918464
170,6,92,139,84.081408,148.223136
170,7,101,17,107.024512,24.665184
170,8,117,21,125.6393216,29.575008
171,1,163,30,165.339392,35.526912
171,2,199,27,197.965312,34.24656
171,3,210,23,213.98976,29.29536
171,4,239,136,240.991104,148.157856
171,5,172,146,168.847744,154.055712
171,6,97,146,91.160064,151.338816
171,7,108,30,109.308928,31.158528
171,8,124,33,127.68197376,35.932416
172,1,156,44,157.429376,42.64368
172,2,195,38,194.396032,40.967712
172,3,207,30,209.517056,34.598112
172,4,239,162,238.795904,162.415296
172,5,159,171,159.332992,168.898752
172,6,76,169,74.914304,165.013056
172,7,93,35,95.933568,36.759168
172,8,118,42,115.2151424,42.767328
173,1,166,43,163.202048,42.504288
173,2,198,44,202.777344,42.63264
173,3,221,35,217.021312,37.75104
173,4,241,171,241.20768,165.429312
173,5,162,171,161.979904,168.494208
173,6,78,169,78.872064,163.027584
173,7,102,34,103.541248,36.755904
173,8,122,42,121.0151168,41.908032
174,1,169,53,167.756032,51.083616
174,2,207,54,205.202176,52.544928
174,3,219,51,217.781376,48.906624
174,4,240,168,239.42592,170.070432
174,5,165,172,165.514496,170.832384
174,6,87,164,86.14592,165.927936
174,7,112,47,108.848512,46.012032
174,8,131,52,126.7009152,50.128992
175,1,164,30,164.896256,37.839648
175,2,208,34,203.451648,38.325216
175,3,222,32,217.126272,33.14064
175,4,241,161,240.267776,158.631072
175,5,160,161,161.851392,161.73984
175,6,77,153,80.297216,154.721952
175,7,106,27,106.223232,30.806496
175,8,121,30,124.5449728,36.219744
176,1,172,21,167.6448,27.551712
176,2,211,24,202.252544,27.876096
176,3,223,22,217.247232,22.726272
176,4,243,141,240.949248,142.526304
176,5,167,142,167.52832,145.838784
176,6,91,134,89.622656,140.766336
176,7,116,16,111.874048,21.65136
176,8,134,20,131.0171008,26.827104
177,1,166,49,166.634624,54.855936
177,2,200,50,203.411968,55.383552
177,3,215,48,215.971712,50.307552
177,4,246,173,242.89472,172.720896
177,5,169,178,166.03904,177.059328
177,6,88,175,84.22336,171.807168
177,7,107,51,108.109056,49.758912
177,8,125,53,124.7758592,54.830496
178,1,171,21,168.687488,27.297504
178,2,208,21,204.4864,28.456416
178,3,219,16,218.58944,24.525888
178,4,242,142,241.815808,146.240064
178,5,169,147,166.464512,147.910944
178,6,93,142,87.253888,142.5984
178,7,109,16,111.19936,21.483168
178,8,132,22,129.8287616,26.840928
179,1,164,26,165.290624,30.14976
179,2,201,26,201.887232,29.55072
179,3,217,21,214.0672,24.894336
179,4,243,150,240.89088,151.652352
179,5,163,156,163.426944,155.766432
179,6,78,149,79.847168,149.934912
179,7,101,20,104.440704,24.057216
179,8,127,26,124.5450752,29.948064
180,1,155,39,158.678272,38.538144
180,2,192,38,194.641664,37.692864
180,3,207,29,208.646144,32.252736
180,4,238,158,236.3776,157.23504
180,5,157,162,158.58496,162.251328
180,6,73,163,76.590848,157.21488
180,7,92,32,98.867328,33.069984
180,8,110,38,117.6513408,37.848384
181,1,159,37,158.778496,38.051904
181,2,203,40,199.189504,39.370368
181,3,216,38,211.52768,35.142912
181,4,236,170,239.236224,162.634944
181,5,152,166,158.360192,165.372288
181,6,65,159,72.61504,160.93776
181,7,98,31,97.897472,33.835584
181,8,118,35,114.485888,38.67312
182,1,160,38,162.033536,40.456128
182,2,200,38,200.948096,40.481856
182,3,212,34,214.39744,35.697984
182,4,241,160,239.177216,162.65376
182,5,160,163,160.459136,166.144224
182,6,74,158,78.761472,161.3064
182,7,103,32,101.638272,34.44144
182,8,121,37,119.4458112,39.583392
183,1,160,43,162.849536,41.812032
183,2,194,43,202.969344,41.843712
183,3,213,37,216.156672,36.888384
183,4,241,168,240.3648,165.155328
183,5,160,169,161.259136,167.315712
183,6,74,169,77.922176,162.814176
183,7,99,36,102.467712,35.786304
183,8,119,42,121.5279616,40.778304
184,1,158,34,161.227136,34.60128
184,2,192,32,197.96544,33.950208
184,3,207,27,210.808832,29.570304
184,4,237,145,240.131072,150.368064
184,5,163,154,163.542656,157.383072
184,6,87,153,82.150016,153.158976
184,7,103,32,102.268544,31.361568
184,8,120,35,119.9032192,35.418432
185,1,161,33,162.705792,37.414752
185,2,204,33,201.099904,37.58544
185,3,213,30,213.206656,33.287616
185,4,241,157,240.956416,158.610912
185,5,160,160,162.957824,163.384128
185,6,75,154,80.72576,158.265888
185,7,99,29,103.07456,33.204768
185,8,115,32,119.965824,37.492416
186,1,159,22,159.488128,27.540096
186,2,197,21,196.656256,27.886944
186,3,208,17,208.804352,24.344928
186,4,239,143,235.686784,145.662336
186,5,160,148,160.4128,148.19376
186,6,76,144,79.483264,144.734208
186,7,99,16,101.163008,23.345856
186,8,117,21,119.357184,28.062528
187,1,160,60,159.884288,60.193728
187,2,197,64,195.531648,58.60512
187,3,208,62,207.427328,52.929696
187,4,224,182,237.4848,172.327584
187,5,149,179,163.612928,178.661472
187,6,73,170,83.513728,177.296352
187,7,104,53,102.57664,56.086656
187,8,120,57,119.0293376,60.56496
188,1,164,32,165.89312,36.021984
188,2,198,31,200.604544,34.487328
188,3,212,23,214.516224,28.79856
188,4,242,147,240.092928,150.562752
188,5,168,154,167.78944,155.10096
188,6,89,151,90.200448,151.89792
188,7,108,26,109.832064,29.761824
188,8,125,32,127.63001216,35.626848
189,1,167,37,166.169984,36.314304
189,2,203,36,204.826368,36.474816
189,3,220,31,216.150912,31.97232
189,4,244,156,240.701312,158.471424
189,5,167,161,164.205568,161.630208
189,6,84,155,82.384,155.790528
189,7,105,29,105.89248,30.019872
189,8,127,36,124.741824,35.388768
190,1,163,23,165.048192,29.37456
190,2,204,21,201.53856,30.074976
190,3,214,15,216.00832,24.94896
190,4,240,148,239.153664,151.458528
190,5,161,151,162.75136,154.262304
190,6,78,147,81.355776,148.558464
190,7,104,15,105.595776,22.975008
190,8,122,21,124.323456,28.434816
191,1,159,32,159.49888,33.03408
191,2,200,31,195.516928,31.748064
191,3,213,26,211.428992,24.665088
191,4,244,153,242.888704,153.701472
191,5,161,160,161.959936,161.890176
191,6,74,156,76.482816,157.848576
191,7,94,28,98.601856,27.797952
191,8,117,32,119.0026368,33.66048
192,1,175,27,171.120256,34.36368
192,2,210,29,206.030976,34.742784
192,3,224,27,218.370944,30.333792
192,4,245,143,243.370496,151.657536
192,5,172,144,170.217472,153.96672
192,6,98,138,91.764736,149.751552
192,7,120,24,114.220416,29.727552
192,8,138,27,131.4405504,34.342848
193,1,169,41,168.148224,40.215072
193,2,203,40,205.611776,40.916256
193,3,216,35,219.166592,36.7176
193,4,242,160,241.454208,160.397088
193,5,170,163,165.014784,162.260544
193,6,94,160,85.471488,155.697888
193,7,110,35,110.946944,33.514464
193,8,127,40,128.84994176,39.03216
194,1,165,36,166.299136,35.86656
194,2,204,31,202.92992,33.69072
194,3,217,24,215.038848,27.331104
194,4,246,148,243.371392,151.6032
194,5,170,156,169.490048,157.1808
194,6,89,155,89.035776,154.488768
194,7,107,28,108.944768,29.680608
194,8,127,34,127.40991744,35.292672
195,1,165,43,165.346048,43.979328
195,2,204,43,199.523584,44.463936
195,3,212,40,214.095232,40.259808
195,4,233,158,236.29312,157.759008
195,5,163,162,163.830912,160.837152
195,6,88,155,87.43296,154.45584
195,7,110,38,109.788032,38.438592
195,8,128,41,127.6583872,43.20384
196,1,166,23,163.442304,25.925664
196,2,200,25,197.630464,24.800832
196,3,219,20,212.497024,19.167744
196,4,232,147,239.373568,142.443936
196,5,157,143,164.90816,147.000672
196,6,82,134,84.231424,144.070176
196,7,110,12,103.787136,20.597664
196,8,129,18,124.9454976,26.043744
197,1,162,36,162.150144,35.686944
197,2,199,31,197.501056,32.350272
197,3,212,23,212.109568,26.00256
197,4,246,149,244.582016,150.070368
197,5,170,159,168.339584,159.214656
197,6,88,163,85.876608,157.811712
197,7,99,32,102.00832,32.292768
197,8,119,38,122.1510016,36.743616
198,1,155,41,160.163968,41.892768
198,2,190,38,195.713408,41.638848
198,3,206,31,209.061632,37.2504
198,4,232,152,233.402496,158.013888
198,5,156,160,158.400512,160.879488
198,6,78,157,79.83808,155.228544
198,7,98,34,103.268352,35.965632
198,8,118,41,120.0312832,40.517664
199,1,166,36,166.025472,38.488512
199,2,203,38,203.846528,38.928576
199,3,216,34,216.364672,35.008512
199,4,232,158,238.16832,157.622112
199,5,160,159,163.691776,158.332032
199,6,84,151,83.863552,153.457824
199,7,110,28,108.019072,31.46208
199,8,126,34,126.4749696,37.027392
200,1,159,37,159.769344,35.43888
200,2,193,33,198.04736,33.285024
200,3,208,27,211.350784,28.569504
200,4,244,153,240.9888,154.660224
200,5,164,164,162.227712,160.4112
200,6,80,163,79.143296,157.813536
200,7,96,33,97.849472,30.832896
200,8,115,38,117.367104,35.700768
201,1,164,33,164.540672,36.643296
201,2,203,31,201.584768,34.657824
201,3,217,28,214.867328,29.38848
201,4,244,154,242.74752,155.381088
201,5,164,162,165.860736,161.172672
201,6,80,153,82.874496,157.5816
201,7,104,27,103.796096,30.278784
201,8,125,31,123.0187008,36.09696
202,1,165,31,162.495616,32.568672
202,2,202,30,199.7888,31.8744
202,3,215,24,213.496064,27.243744
202,4,240,152,239.716096,152.612352
202,5,164,152,162.560256,155.867904
202,6,82,149,79.484032,151.943328
202,7,105,22,102.713216,25.909248
202,8,124,28,121.5336576,32.076
203,1,160,37,158.567552,36.254016
203,2,197,34,195.9904,34.787424
203,3,211,30,209.22752,29.068224
203,4,242,153,241.230592,154.879392
203,5,162,160,162.671232,161.774784
203,6,78,155,78.06912,159.649344
203,7,99,33,97.252992,32.502816
203,8,118,37,116.1712,37.54416
204,1,149,47,156.33344,44.60448
204,2,179,45,191.965184,43.820832
204,3,197,40,204.970496,38.004192
204,4,217,158,233.644288,160.95216
204,5,149,160,156.873344,166.068576
204,6,76,156,74.689408,161.61072
204,7,94,40,97.150592,38.384832
204,8,112,44,116.7316096,44.208384
205,1,174,43,170.412032,42.061248
205,2,211,43,207.124864,42.883104
205,3,226,37,219.414016,39.19728
205,4,246,164,242.146176,159.619008
205,5,167,166,168.44032,162.463584
205,6,86,156,89.943936,157.014912
205,7,116,32,111.614592,37.317216
205,8,135,40,129.3335808,41.549088
206,1,167,52,165.151488,50.525472
206,2,202,52,200.552576,49.415616
206,3,214,47,212.440192,44.4216
206,4,236,169,238.595328,164.348544
206,5,164,173,165.863168,169.194624
206,6,88,167,86.855808,164.29104
206,7,109,45,106.93056,44.49744
206,8,131,51,126.4634624,49.95168
207,1,162,58,163.093632,57.799008
207,2,195,55,197.762432,56.062368
207,3,209,50,210.79296,50.758752
207,4,238,169,239.143808,169.051488
207,5,167,177,167.098368,175.464672
207,6,93,178,88.023808,173.0016
207,7,105,56,104.349056,52.913472
207,8,122,60,124.157056,58.111008
208,1,170,51,168.789376,50.722176
208,2,208,51,205.613056,51.385536
208,3,222,46,218.715392,46.002912
208,4,247,170,243.941376,170.781408
208,5,168,178,169.230208,173.26464
208,6,88,170,88.917504,170.00016
208,7,110,45,110.460544,46.011552
208,8,130,50,129.188,51.18624
209,1,169,43,166.702336,42.638784
209,2,209,41,202.643072,41.865504
209,3,223,37,214.486016,37.20432
209,4,247,161,241.796096,158.134368
209,5,172,168,167.66848,163.487232
209,6,92,165,88.5088,159.280608
209,7,106,42,107.562368,38.172192
209,8,128,44,125.0445184,42.516288
210,1,167,47,167.553664,43.428384
210,2,203,44,204.795392,43.457376
210,3,215,35,217.158784,38.958528
210,4,247,160,239.166848,161.92656
210,5,169,168,165.359488,163.468128
210,6,88,165,86.964608,158.863392
210,7,108,39,108.590592,36.962976
210,8,129,46,126.12576,42.078432
211,1,166,30,163.56608,32.55744
211,2,202,29,201.39072,32.252736
211,3,218,23,214.911104,27.347424
211,4,241,151,239.341184,154.270656
211,5,161,154,161.76064,157.939008
211,6,79,146,77.46368,151.4832
211,7,108,19,103.090304,24.97968
211,8,128,28,122.169472,31.22736
212,1,157,48,158.03008,48.04176
212,2,195,46,197.682944,47.325984
212,3,210,40,211.520768,42.525696
212,4,243,168,241.458944,172.980288
212,5,162,179,160.726144,177.522336
212,6,76,175,72.921216,174.082368
212,7,94,43,95.728896,42.955392
212,8,116,49,116.054336,48.040512
213,1,158,52,161.862912,50.491392
213,2,195,48,198.392448,48.68016
213,3,208,41,211.067392,43.070688
213,4,240,171,238.619008,166.261152
213,5,162,180,163.41632,171.17712
213,6,78,180,82.548736,166.705536
213,7,93,46,103.548416,43.5384
213,8,115,52,123.740224,49.310592
214,1,161,50,164.120064,45.935232
214,2,201,49,203.393792,47.091552
214,3,215,45,215.819776,44.131488
214,4,240,173,239.933184,167.237952
214,5,159,176,162.18496,168.633312
214,6,76,171,79.835904,162.820032
214,7,102,43,105.832448,41.535072
214,8,119,48,123.5108608,45.75456
215,1,166,15,166.971776,23.909472
215,2,204,15,204.702208,24.567648
215,3,221,8,217.763712,20.138304
215,4,243,136,238.966016,143.4768
215,5,165,141,164.001792,144.363744
215,6,85,137,85.269376,139.48176
215,7,107,7,107.378176,17.824896
215,8,126,15,126.4936576,23.231616
216,1,159,37,160.262016,36.966144
216,2,195,36,196.835712,36.183264
216,3,211,27,210.572672,30.744096
216,4,243,154,238.457984,155.784672
216,5,162,162,160.86016,160.726752
216,6,77,159,76.934528,156.009312
216,7,100,29,99.988864,30.364224
216,8,120,37,119.662592,36.646752
217,1,151,40,156.470784,39.348288
217,2,190,38,192.46656,38.10912
217,3,204,31,205.403392,33.205824
217,4,234,162,236.249984,155.825376
217,5,154,170,158.670208,162.83376
217,6,68,166,75.736192,159.21888
217,7,91,33,96.130688,35.026848
217,8,109,40,113.995392,39.486624
218,1,168,32,168.019968,33.699264
218,2,203,32,206.464256,33.959904
218,3,220,26,218.643072,29.939232
218,4,240,151,240.674816,153.722304
218,5,164,152,165.94688,155.040576
218,6,86,145,85.771008,149.664384
218,7,113,22,109.506048,27.016608
218,8,131,28,126.0541824,32.3448
219,1,172,55,170.417408,55.731456
219,2,210,58,205.355648,56.584224
219,3,223,55,218.129536,52.261632
219,4,234,174,240.245376,170.377728
219,5,164,172,167.423232,172.257504
219,6,91,164,89.279232,165.597984
219,7,115,47,112.357632,48.968448
219,8,133,52,131.6619904,54.653376
220,1,173,32,168.244736,32.734464
220,2,208,32,206.353152,32.265696
220,3,223,26,217.016192,27.575328
220,4,244,153,241.218432,152.311488
220,5,166,155,166.454784,154.996032
220,6,84,146,86.02496,150.838848
220,7,115,22,109.477248,25.63968
220,8,132,29,125.7576576,31.319328
221,1,159,32,161.232896,33.105408
221,2,198,28,197.978112,30.888192
221,3,211,23,211.223168,25.455552
221,4,245,147,242.100992,150.73584
221,5,166,159,164.72384,157.614432
221,6,81,156,81.031424,156.187008
221,7,101,29,99.8976,28.173792
221,8,119,32,118.0582912,33.435456
222,1,170,33,162.114176,31.309344
222,2,209,33,200.35072,30.827904
222,3,222,28,212.368896,25.293888
222,4,238,157,238.698752,150.914784
222,5,160,155,161.851008,154.638816
222,6,79,145,78.864384,149.995776
222,7,111,20,101.652224,24.559296
222,8,131,27,119.1892096,30.528384
223,1,161,46,162.294272,43.355328
223,2,198,43,199.93024,43.185408
223,3,213,35,213.08672,38.656608
223,4,241,162,240.014464,162.319584
223,5,163,169,163.418752,165.922464
223,6,81,167,81.494528,162.49488
223,7,102,39,102.681728,38.91072
223,8,119,44,121.7498112,43.7568
224,1,165,18,158.098944,21.034176
224,2,200,17,196.140672,20.418432
224,3,215,11,210.701184,15.238656
224,4,237,145,237.154816,139.922304
224,5,160,146,159.526144,145.948128
224,6,78,140,76.58688,141.948192
224,7,103,8,97.352192,16.27584
224,8,125,14,114.750848,21.62304
225,1,160,37,161.000832,40.573056
225,2,193,36,197.597568,39.513888
225,3,211,29,211.849216,34.482048
225,4,241,157,241.005824,159.177696
225,5,162,167,162.152576,164.812896
225,6,78,163,78.707968,161.024736
225,7,97,31,100.59264,35.495712
225,8,121,38,120.3379712,40.44
226,1,163,58,163.19552,53.224224
226,2,198,53,202.236288,52.543776
226,3,212,45,214.900352,48.084
226,4,244,170,240.2656,174.46608
226,5,165,180,163.595392,177.898848
226,6,84,176,81.646592,173.601504
226,7,103,50,103.519232,47.081952
226,8,122,56,122.1034112,52.383552
227,1,159,52,160.941568,48.012576
227,2,195,49,198.607104,47.261952
227,3,210,40,211.718656,41.813952
227,4,241,170,237.72672,169.574112
227,5,160,179,160.130304,172.276032
227,6,72,174,76.987008,167.719392
227,7,93,43,100.3392,40.629024
227,8,112,49,121.6574208,46.975872
228,1,165,52,165.855232,54.994848
228,2,200,51,200.301824,54.58992
228,3,214,44,215.044992,48.83184
228,4,246,165,241.130752,172.607136
228,5,167,176,165.988224,175.973472
228,6,83,169,84.86656,171.77712
228,7,104,46,106.102528,48.95568
228,8,122,52,126.0548224,54.655584
229,1,164,42,163.47584,42.065184
229,2,200,40,199.151744,41.993472
229,3,216,36,211.817216,37.272192
229,4,242,151,238.566272,157.366944
229,5,166,162,165.05536,161.145888
229,6,83,153,86.357376,157.94112
229,7,105,37,106.222208,37.962528
229,8,122,41,124.294976,42.52848
230,1,167,59,165.972608,54.133056
230,2,204,58,205.163008,56.272992
230,3,215,53,216.955008,53.459616
230,4,234,181,237.533184,173.980032
230,5,159,179,160.682496,174.206976
230,6,84,174,79.990784,166.284096
230,7,110,47,107.112704,47.794272
230,8,124,54,122.3832064,52.473024
231,1,172,63,168.183424,55.729248
231,2,206,63,201.74528,54.57072
231,3,220,58,214.197248,49.204608
231,4,239,175,242.68672,166.05984
231,5,165,178,172.389248,170.800032
231,6,92,168,95.82976,169.554432
231,7,117,54,112.035456,51.679008
231,8,135,61,130.0847488,56.777184
232,1,163,47,163.161728,45.083328
232,2,201,43,197.930496,44.2776
232,3,213,38,210.788224,38.57328
232,4,235,161,237.4144,158.86848
232,5,161,165,163.554176,163.973952
232,6,82,157,85.87072,159.849312
232,7,107,38,105.741312,39.2808
232,8,127,44,124.8086912,44.43168
233,1,161,44,160.25152,46.817664
233,2,201,45,196.577408,45.321984
233,3,215,40,211.824128,39.842208
233,4,238,174,240.379648,166.857408
233,5,158,174,161.356032,172.548864
233,6,73,171,76.591872,168.876384
233,7,98,37,96.970752,40.881408
233,8,117,43,116.9685248,46.580256
234,1,167,45,162.49216,43.757376
234,2,204,44,200.160512,42.233472
234,3,219,37,213.663232,36.381312
234,4,241,166,240.41792,162.040416
234,5,163,170,162.712064,167.803488
234,6,80,165,80.449024,162.851424
234,7,102,36,102.490368,36.998784
234,8,123,43,121.6453888,42.788736
235,1,163,34,163.803136,34.230624
235,2,198,33,200.912,31.66848
235,3,213,24,214.164096,26.056512
235,4,242,154,242.28352,150.677664
235,5,164,160,165.204224,158.22384
235,6,80,157,81.580544,152.515872
235,7,101,25,103.872128,27.388128
235,8,121,33,124.0700416,33.408288
236,1,162,37,162.411392,41.005152
236,2,206,39,200.952576,41.550144
236,3,217,38,215.517824,37.45344
236,4,245,163,240.088064,164.085312
236,5,162,168,160.079616,166.0488
236,6,75,161,77.429632,162.005472
236,7,105,37,102.338944,35.868768
236,8,121,38,120.422016,40.640928
237,1,166,39,164.73088,40.13568
237,2,208,40,202.455296,40.881696
237,3,220,35,216.822784,36.08784
237,4,241,165,239.1616,163.02864
237,5,161,166,161.781376,163.716864
237,6,78,160,80.63936,159.02064
237,7,105,32,105.793408,33.268608
237,8,121,38,124.9407744,38.646432
238,1,156,51,160.829184,49.458528
238,2,196,47,197.40416,47.578176
238,3,209,39,210.8416,41.675904
238,4,241,170,240.605184,166.679712
238,5,161,178,162.851072,173.185344
238,6,75,175,78.9472,169.615776
238,7,95,43,98.68544,43.67808
238,8,117,51,118.715072,48.965856
239,1,159,50,163.340288,50.909952
239,2,197,49,201.257856,49.848768
239,3,212,45,212.12288,44.821632
239,4,239,172,239.954432,167.449824
239,5,162,179,164.78976,172.67664
239,6,80,175,84.048,169.162464
239,7,98,47,104.046592,45.695424
239,8,118,51,121.5922432,50.82816
240,1,167,45,166.168832,44.278944
240,2,203,45,202.754816,44.597664
240,3,217,39,215.605504,39.844128
240,4,238,169,238.728064,162.74112
240,5,163,168,164.145408,164.351712
240,6,82,162,83.9648,159.404832
240,7,107,35,107.398144,37.899936
240,8,128,42,124.9958528,43.162176
241,1,174,49,169.447808,46.409088
241,2,210,50,207.142144,47.592
241,3,222,46,219.236608,43.608
241,4,241,166,240.700288,163.631328
241,5,165,170,166.5568,165.514464
241,6,86,157,88.384384,159.699168
241,7,115,40,111.91168,41.162592
241,8,134,46,128.51555584,45.366816
242,1,175,24,171.821056,30.199104
242,2,209,25,207.058304,31.5888
242,3,222,18,220.468736,27.882144
242,4,246,144,242.1856,148.416096
242,5,171,147,168.902912,149.3496
242,6,93,139,91.760896,143.029152
242,7,116,16,113.731968,24.567744
242,8,135,23,133.7916672,29.62368
243,1,157,22,161.64224,25.82256
243,2,195,22,196.538112,24.41472
243,3,209,16,210.518912,19.297632
243,4,238,142,235.463424,145.429248
243,5,158,151,161.281408,149.610432
243,6,74,146,80.841216,144.594144
243,7,93,18,101.559552,19.268256
243,8,111,24,120.7958784,24.577824
244,1,163,28,162.4992,29.698944
244,2,199,27,198.603008,28.266528
244,3,216,21,211.6256,23.57424
244,4,235,150,236.28352,147.012288
244,5,159,152,162.648576,151.176864
244,6,80,145,84.902912,147.201792
244,7,107,16,103.88672,24.160608
244,8,126,25,121.8681216,29.228352
245,1,164,22,165.717248,23.380992
245,2,202,21,202.61376,22.690176
245,3,215,15,215.608064,18.643968
245,4,243,136,240.90176,142.613952
245,5,167,142,165.226496,146.524128
245,6,86,139,86.027008,140.982432
245,7,107,17,107.241728,17.760288
245,8,126,22,126.4746496,22.54512
246,1,172,33,168.829696,29.446176
246,2,207,31,204.42048,30.359904
246,3,218,24,218.35392,25.704864
246,4,241,143,238.79936,148.83168
246,5,168,149,165.859072,150.317568
246,6,90,140,86.525952,143.158272
246,7,114,22,110.847616,22.028448
246,8,128,27,129.6114432,27.519456
247,1,165,40,166.319872,43.477824
247,2,203,39,204.652288,43.349088
247,3,218,35,217.307136,38.865024
247,4,245,161,243.96032,163.205952
247,5,165,168,167.535488,167.95584
247,6,83,162,86.083328,163.867776
247,7,105,36,105.207168,39.438624
247,8,122,40,124.345664,44.107008
248,1,170,29,167.340544,34.715904
248,2,210,33,204.28096,35.146848
248,3,220,29,218.126976,30.61056
248,4,239,158,241.680256,154.575744
248,5,163,155,165.032576,157.538304
248,6,85,149,83.782016,150.449088
248,7,118,23,109.077888,27.921024
248,8,132,28,126.95721856,33.149472
249,1,165,45,164.634368,45.425856
249,2,201,44,200.602112,45.084096
249,3,216,37,214.48064,39.704736
249,4,242,169,239.621248,163.828512
249,5,165,175,163.678336,167.674176
249,6,82,169,83.213568,162.772512
249,7,103,38,105.357184,39.217824
249,8,124,43,124.7848448,44.546304
250,1,164,47,165.106176,44.62896
250,2,201,45,202.029056,44.554272
250,3,215,40,214.183168,40.154688
250,4,240,168,240.376192,161.402208
250,5,165,174,165.236864,166.312224
250,6,85,169,85.631872,161.436192
250,7,106,40,105.61856,40.516896
250,8,124,46,124.2212224,44.956608
251,1,167,51,168.23616,50.206848
251,2,201,51,206.139904,49.533696
251,3,216,43,217.115008,44.763936
251,4,244,166,244.121984,167.877312
251,5,168,169,168.672512,173.333952
251,6,87,169,88.10688,168.058656
251,7,105,44,108.571904,44.898048
251,8,124,50,127.67250176,50.45664
252,1,165,44,164.811776,47.024544
252,2,206,46,201.928064,46.981344
252,3,217,41,216.336,41.894016
252,4,243,169,242.390656,166.905504
252,5,160,171,163.321472,169.81584
252,6,77,162,80.114048,165.271296
252,7,109,37,104.48832,40.721856
252,8,127,43,121.7063808,46.079328
253,1,160,39,161.521792,41.184192
253,2,201,42,197.149568,40.709952
253,3,211,39,211.102976,35.126496
253,4,230,165,237.05024,158.506176
253,5,153,164,161.180672,162.04272
253,6,71,155,80.712576,158.015136
253,7,101,32,103.09504,34.921824
253,8,116,36,122.7168768,40.450272
254,1,166,34,164.359936,34.760832
254,2,207,32,199.608704,33.666048
254,3,217,28,212.840832,28.236768
254,4,234,150,238.624128,150.16224
254,5,164,153,165.604736,154.592256
254,6,89,147,87.567872,151.661664
254,7,108,25,106.118912,29.683392
254,8,122,30,123.7324672,34.605984
255,1,158,47,160.56704,46.98048
255,2,199,45,196.369664,46.049568
255,3,212,37,211.133184,40.562592
255,4,238,172,239.596288,166.114368
255,5,160,175,161.2928,171.88944
255,6,76,173,77.347456,167.157408
255,7,97,40,98.340224,40.888032
255,8,115,46,118.159552,46.70832
256,1,165,27,166.181632,30.581664
256,2,195,26,203.16928,29.846496
256,3,215,17,214.668288,24.423552
256,4,246,142,242.369792,145.981152
256,5,171,149,168.716032,151.317504
256,6,90,148,88.843648,147.836448
256,7,105,22,106.206848,26.501952
256,8,126,28,124.586752,30.885408
257,1,166,40,162.31296,40.594848
257,2,201,40,200.10048,39.86784
257,3,219,34,215.124608,34.082304
257,4,242,166,242.045056,161.959584
257,5,164,168,162.383744,167.267712
257,6,81,165,78.7872,163.376256
257,7,103,33,101.212672,34.631808
257,8,126,39,120.8322816,40.198176
258,1,170,42,166.002304,43.797408
258,2,206,44,202.805376,43.85232
258,3,218,40,214.404864,39.734016
258,4,238,164,237.958784,159.506208
258,5,164,165,164.779264,162.976416
258,6,85,157,87.290624,157.9176
258,7,111,34,108.3712,38.809152
258,8,129,41,126.0313728,42.934944
259,1,165,54,163.894656,51.643392
259,2,202,55,197.882496,52.146336
259,3,215,51,211.1968,47.341056
259,4,235,171,237.5584,166.51584
259,5,161,173,164.645376,170.651712
259,6,83,166,86.24064,166.886784
259,7,107,48,105.78112,47.291616
259,8,124,52,124.5843072,52.202688
260,1,167,53,165.527808,52.105824
260,2,200,52,203.07264,50.610816
260,3,219,46,215.261184,44.82
260,4,241,175,243.083008,169.030464
260,5,166,178,167.512448,175.27776
260,6,87,174,85.21728,170.611488
260,7,106,46,105.611008,46.02672
260,8,126,51,124.1391744,51.804864
261,1,168,44,167.63456,43.989312
261,2,207,45,203.901184,44.508288
261,3,220,40,216.671488,40.489152
261,4,239,167,240.431872,163.251456
261,5,163,165,166.140032,165.53136
261,6,84,159,86.905344,160.848096
261,7,110,35,108.342144,39.039744
261,8,129,41,126.5053568,43.529856
262,1,171,46,167.83296,46.436352
262,2,207,46,203.688192,45.638304
262,3,222,39,216.20096,41.103456
262,4,239,164,241.034112,158.557152
262,5,164,165,168.129792,164.02656
262,6,87,157,90.691456,159.008064
262,7,113,35,110.75776,41.417664
262,8,130,43,129.10793216,45.825408
263,1,161,39,164.023808,41.808576
263,2,197,36,201.771392,41.220576
263,3,212,30,215.89312,35.916
263,4,247,158,243.128192,161.81712
263,5,165,168,164.82816,168.261408
263,6,76,162,82.424448,163.594848
263,7,98,34,101.940096,37.224576
263,8,118,39,122.4352768,42.455712
264,1,175,52,168.31104,48.075456
264,2,199,53,205.582976,48.183072
264,3,224,48,217.149696,43.75296
264,4,244,172,240.512896,166.130016
264,5,166,173,166.748544,168.82656
264,6,85,162,87.058816,162.788544
264,7,116,41,109.971328,41.672544
264,8,139,49,126.12,47.133024
265,1,165,29,166.45184,30.764448
265,2,199,30,203.8496,31.020672
265,3,214,23,217.678976,26.200896
265,4,234,149,240.10112,150.921312
265,5,161,149,162.866688,153.64848
265,6,82,143,81.253504,146.274432
265,7,107,20,106.587648,22.84608
265,8,121,26,124.244992,28.977696
266,1,166,24,167.044864,28.692768
266,2,206,26,202.484992,28.445184
266,3,219,22,217.202688,22.95552
266,4,239,153,239.638784,148.803552
266,5,159,152,163.5616,150.142752
266,6,78,145,83.06304,143.577696
266,7,107,16,107.138816,19.934304
266,8,126,22,126.89068416,26.642112
267,1,162,40,163.67616,43.384224
267,2,203,40,199.725824,42.562848
267,3,216,34,215.6096,36.93888
267,4,244,164,241.331072,163.758528
267,5,161,170,162.906496,168.008352
267,6,77,165,79.58016,163.627104
267,7,98,34,102.70016,36.676704
267,8,120,40,122.587264,42.7512
268,1,171,36,168.291328,38.008704
268,2,205,37,202.490624,37.072992
268,3,217,32,215.309952,31.928352
268,4,241,150,241.498112,152.34432
268,5,169,155,168.819712,156.785088
268,6,92,148,91.838976,153.387072
268,7,113,30,110.418432,32.912064
268,8,131,35,128.11933184,37.726272
269,1,173,50,165.684992,47.844768
269,2,205,51,201.70304,48.157152
269,3,218,46,213.77408,43.560672
269,4,236,165,238.488192,161.758272
269,5,167,166,164.495232,165.322368
269,6,89,159,87.493248,160.2816
269,7,111,41,108.877568,42.715392
269,8,130,47,125.7024896,47.406048
270,1,152,61,159.783808,49.82832
270,2,184,58,193.69984,47.491296
270,3,202,46,205.372672,40.9656
270,4,221,175,234.964096,162.947616
270,5,147,179,161.953792,170.194656
270,6,66,174,83.239168,166.519488
270,7,93,46,101.112832,43.713408
270,8,114,57,120.4969344,49.49808
271,1,163,24,164.234368,29.980224
271,2,196,23,200.546432,30.5688
271,3,209,18,214.514432,26.315232
271,4,237,146,237.105024,150.530304
271,5,163,150,161.195264,153.268608
271,6,81,147,81.048448,146.54496
271,7,101,18,104.693504,23.239392
271,8,121,23,123.973248,28.518912
272,1,169,18,165.42336,27.35664
272,2,205,19,201.963904,27.217632
272,3,217,13,216.266496,22.699008
272,4,244,139,239.40032,145.989408
272,5,168,142,164.090112,148.179456
272,6,86,136,85.52704,143.16528
272,7,109,12,106.734976,20.986176
272,8,130,18,125.428864,26.671584
273,1,164,42,164.433024,43.100832
273,2,208,43,201.74464,43.349952
273,3,219,40,215.865984,39.260064
273,4,241,163,240.09536,161.657472
273,5,163,167,163.62496,164.541888
273,6,84,162,83.379968,159.3744
273,7,105,39,107.135104,37.785888
273,8,119,43,125.972352,42.831936
274,1,165,39,166.40704,34.978176
274,2,201,39,201.736448,34.701504
274,3,212,34,215.62816,30.631584
274,4,241,154,240.774912,151.242432
274,5,169,161,166.94656,155.33376
274,6,93,160,88.643968,151.4856
274,7,105,37,107.392,30.949056
274,8,124,42,126.1450112,35.666208
275,1,161,36,161.534592,39.780192
275,2,199,34,199.988096,38.800992
275,3,216,28,213.116928,34.291776
275,4,241,160,240.421632,157.761216
275,5,160,166,162.397568,162.865344
275,6,77,161,79.733376,158.624736
275,7,99,28,102.081408,34.527168
275,8,119,33,120.3404288,39.122688
276,1,166,67,169.832576,54.872736
276,2,199,67,203.3664,55.688736
276,3,213,61,215.893248,51.301152
276,4,246,180,239.643136,166.896672
276,5,169,187,168.294656,168.518976
276,6,87,184,92.81728,163.191744
276,7,107,63,115.197696,49.1376
276,8,126,68,132.5019392,54.030336
277,1,156,34,157.514624,38.24928
277,2,189,33,194.711808,36.800448
277,3,207,28,208.181632,31.121664
277,4,238,153,236.45248,152.392416
277,5,163,161,160.81152,158.871072
277,6,82,162,80.61376,156.219648
277,7,94,34,99.111168,34.299264
277,8,117,37,117.8045056,39.004512
278,1,163,43,164.399488,44.308608
278,2,201,46,202.569728,45.157536
278,3,215,44,215.65504,41.396928
278,4,233,170,237.212544,163.760928
278,5,157,171,161.042048,165.305664
278,6,78,162,81.768448,159.410688
278,7,105,38,106.666752,38.4288
278,8,120,42,123.4829312,42.880128
279,1,165,54,164.79104,49.932576
279,2,202,56,201.423488,50.910432
279,3,212,51,213.647488,46.83984
279,4,236,172,237.746944,168.342912
279,5,162,172,161.844352,170.051232
279,6,82,165,82.383488,164.114976
279,7,106,47,107.103488,44.122656
279,8,123,52,124.1666048,48.975264
280,1,163,38,166.217472,39.36336
280,2,197,36,205.324416,40.979808
280,3,211,33,217.704064,37.3128
280,4,244,157,240.523904,163.277568
280,5,164,162,162.119552,163.850112
280,6,82,159,81.537408,158.217408
280,7,107,35,107.410816,33.174144
280,8,126,37,124.2121344,38.391264
281,1,161,43,162.225408,48.742272
281,2,195,43,202.122368,48.21552
281,3,207,41,213.570432,43.349952
281,4,242,167,239.938944,171.353664
281,5,164,174,160.277888,175.049568
281,6,78,171,76.818944,169.797984
281,7,94,43,100.308736,42.01872
281,8,115,45,117.170752,47.346912
282,1,156,44,160.381056,43.070688
282,2,194,44,196.623616,42.324576
282,3,210,38,211.151488,36.211488
282,4,239,165,238.64832,161.111424
282,5,156,170,161.842304,166.553856
282,6,67,162,79.91168,162.087648
282,7,95,37,101.106816,37.00464
282,8,112,43,119.7951872,42.707232
283,1,164,53,167.52064,49.19136
283,2,196,53,204.87488,50.629632
283,3,213,46,217.18336,47.2752
283,4,240,168,237.899392,168.636
283,5,166,173,162.21824,168.596832
283,6,87,170,83.91424,161.953248
283,7,110,48,110.056832,42.428352
283,8,128,53,126.5949568,47.347488
284,1,168,39,166.608896,39.17856
284,2,204,39,202.338688,38.067648
284,3,219,34,214.8096,33.384
284,4,237,159,241.19488,154.63632
284,5,164,162,167.61984,159.033216
284,6,85,154,88.65216,155.77296
284,7,111,31,107.783168,33.932832
284,8,129,37,125.1051648,38.727168
285,1,181,28,171.131776,29.548704
285,2,216,33,206.304,29.821536
285,3,234,30,220.105856,24.356256
285,4,241,152,242.029312,147.649248
285,5,168,146,168.118016,149.047008
285,6,92,135,90.5184,142.77792
285,7,121,16,113.066496,21.990144
285,8,140,23,131.3364608,28.00128
286,1,166,52,164.762368,52.035168
286,2,200,51,202.409984,52.53408
286,3,214,44,214.80384,48.569664
286,4,243,169,239.988992,170.214624
286,5,166,173,163.918208,173.203008
286,6,85,169,83.885952,168.361152
286,7,106,44,106.875392,47.263872
286,8,125,51,124.0638208,52.151904
287,1,165,38,163.166848,40.627968
287,2,204,39,200.4032,40.48944
287,3,218,36,216.071424,35.55024
287,4,242,166,241.57056,163.802688
287,5,161,167,162.1216,167.313408
287,6,78,164,77.974656,161.877888
287,7,99,34,102.480128,34.073088
287,8,118,38,121.6768,39.727872
288,1,161,44,161.01504,41.682816
288,2,195,42,196.1952,41.650176
288,3,209,36,209.946624,36.535104
288,4,234,158,234.742016,157.82928
288,5,160,164,159.667456,161.515104
288,6,80,155,81.379968,156.034848
288,7,101,35,104.334848,36.036384
288,8,125,42,121.7123456,41.045568
289,1,167,49,167.97312,48.483552
289,2,202,49,206.804864,49.144992
289,3,217,43,219.102848,45.05184
289,4,244,167,241.58336,168.561312
289,5,166,171,163.38432,171.638304
289,6,83,166,82.55744,164.008608
289,7,107,42,108.820864,41.40624
289,8,128,48,125.6175744,46.8984
290,1,166,49,163.629312,47.649312
290,2,205,53,204.155008,49.076832
290,3,223,50,217.820032,46.002912
290,4,236,180,239.27616,173.505504
290,5,156,175,159.103616,174.020928
290,6,74,165,76.222592,167.255616
290,7,109,40,104.477312,41.676192
290,8,126,45,121.1455872,46.271904
291,1,165,46,161.554816,49.803936
291,2,204,49,201.00032,50.692032
291,3,218,46,213.829376,46.642272
291,4,244,176,241.01888,172.801344
291,5,162,177,161.686144,176.408736
291,6,73,170,77.733248,171.500928
291,7,101,42,102.147712,45.673824
291,8,122,47,119.1912832,50.019648
292,1,175,46,171.246976,44.909184
292,2,212,47,206.800896,46.193376
292,3,225,45,221.48416,41.519136
292,4,245,161,241.422976,164.367552
292,5,170,160,164.864512,166.060896
292,6,91,152,86.42752,157.859232
292,7,118,39,112.836864,37.12464
292,8,132,44,130.47936,43.18272
293,1,170,55,169.552896,55.79712
293,2,205,57,204.922624,56.320608
293,3,221,52,217.635456,51.72096
293,4,239,174,240.3936,174.768672
293,5,164,174,165.970304,176.948352
293,6,84,165,87.118336,170.137824
293,7,110,45,111.227136,48.7272
293,8,129,52,128.90446464,54.441888
